geko_variant_stock_id,quantity
1,0
1,0
1,0
1,0
1,0
1,6.00
1,0
1,0
1,0
1,2.00
1,10.00
1,6.00
1,4.00
1,0
1,0
1,0
1,0
1,0
1,0
1,0
1,0
1,0
1,0
1,6.00
1,42.00
1,0
1,7.00
1,0
1,0
1,0
1,4.00
1,12.00
1,46.00
1,5.00
1,13.00
1,0
1,0
1,2.00
1,4.00
1,13.00
1,"22,00"
1,5.00
1,0
1,0
1,0
1,0
1,0
1,0
1,0
1,0
1,0
1,0
1,0
1,0
1,0
1,0
1,0
1,0
1,"31,00"
1,0
1,0
1,0
1,4.00
1,"23,00"
1,"27,00"
1,"24,00"
1,"21,00"
1,"52,00"
1,"11,00"
1,"20,00"
1,2.00
1,"40,00"
1,6.00
1,0
1,0
1,"8,00"
1,0
1,0
1,0
1,0
1,"8,00"
1,"9,00"
1,0
1,0
1,0
1,0
1,0
1,0
1,0
1,0
1,0
1,"1,00"
1,0
1,0
1,0
1,0
1,0
1,"3,00"
1,6.00
1,0
1,0
1,0
1,0
1,0
1,0
1,0
1,"18,00"
1,4.00
1,0
1,2.00
1,5.00
1,10.00
1,4.00
1,4.00
1,0
1,4.00
1,2.00
1,2.00
1,0
1,0
1,0
1,"3,00"
1,0
1,6.00
1,"3,00"
1,"23,00"
1,"3,00"
1,"11,00"
1,0
1,0
1,0
1,0
1,"3,00"
1,0
1,"22,00"
1,0
1,4.00
1,0
1,2.00
1,0
1,"21,00"
1,10.00
1,10.00
1,0
1,0
1,0
1,"16,00"
1,0
1,"18,00"
1,"20,00"
1,0
1,0
1,0
1,0
1,0
1,0
1,"3,00"
1,6.00
1,0
1,"117,00"
1,0
1,0
1,"9,00"
1,0
1,"1,00"
1,0
1,0
1,"8,00"
1,"15,00"
1,0
1,0
1,0
1,"316,00"
1,"17,00"
1,0
1,0
1,2.00
1,0
1,0
1,"8,00"
1,0
1,0
1,2.00
1,"15,00"
1,"15,00"
1,"17,00"
1,"14,00"
1,0
1,0
1,5.00
1,"27,00"
1,0
1,"19,00"
1,0
1,0
1,0
1,5.00
1,"21,00"
1,4.00
1,"20,00"
1,"50,00"
1,"30,00"
1,"3,00"
1,0
1,"26,00"
1,0
1,"20,00"
1,"20,00"
1,"29,00"
1,0
1,"31,00"
1,0
1,"14,00"
1,0
1,0
1,0
1,0
1,0
1,0
1,"15,00"
1,0
1,0
1,"20,00"
1,0
1,0
1,"43,00"
1,0
1,0
1,0
1,"35,00"
1,0
1,0
1,"19,00"
1,0
1,7.00
1,0
1,0
1,0
1,13.00
1,0
1,6.00
1,"1,00"
1,0
1,0
1,0
1,"18,00"
1,0
1,"31,00"
1,"214,00"
1,6.00
1,"122,00"
1,0
1,"56,00"
1,6.00
1,"41,00"
1,5.00
1,"33,00"
1,0
1,"45,00"
1,5.00
1,"92,00"
1,"26,00"
1,"8,00"
1,10.00
1,"27,00"
1,"79,00"
1,"14,00"
1,"14,00"
1,4.00
1,"37,00"
1,"3,00"
1,"3,00"
1,5.00
1,10.00
1,"38,00"
1,0
1,0
1,2.00
1,"24,00"
1,"62,00"
1,7.00
1,4.00
1,"8,00"
1,5.00
1,"1,00"
1,"17,00"
1,"206,00"
1,"11,00"
1,"14,00"
1,"27,00"
1,0
1,"68,00"
1,"35,00"
1,0
1,"135,00"
1,"19,00"
1,"15,00"
1,"11,00"
1,"1,00"
1,"8,00"
1,0
1,0
1,13.00
1,7.00
1,10.00
1,0
1,"9,00"
1,0
1,"15,00"
1,"11,00"
1,0
1,0
1,"37,00"
1,4.00
1,0
1,0
1,"9,00"
1,7.00
1,0
1,13.00
1,"8,00"
1,"19,00"
1,0
1,"26,00"
1,"3,00"
1,0
1,0
1,0
1,0
1,5.00
1,"15,00"
1,0
1,"22,00"
1,0
1,"32,00"
1,"3,00"
1,"8,00"
1,"27,00"
1,"3,00"
1,0
1,0
1,0
1,"9,00"
1,0
1,"3,00"
1,"15,00"
1,10.00
1,"11,00"
1,0
1,10.00
1,10.00
1,0
1,0
1,0
1,"16,00"
1,6.00
1,13.00
1,"14,00"
1,0
1,5.00
1,"19,00"
1,0
1,5.00
1,"1,00"
1,"17,00"
1,5.00
1,"16,00"
1,0
1,"28,00"
1,0
1,0
1,"20,00"
1,"9,00"
1,0
1,0
1,"19,00"
1,0
1,0
1,0
1,0
1,2.00
1,"9,00"
1,10.00
1,0
1,0
1,0
1,0
1,"8,00"
1,0
1,7.00
1,0
1,"1,00"
1,"3,00"
1,10.00
1,"1,00"
1,"19,00"
1,"8,00"
1,0
1,5.00
1,7.00
1,12.00
1,0
1,0
1,0
1,"9,00"
1,0
1,0
1,4.00
1,12.00
1,5.00
1,"8,00"
1,0
1,0
1,0
1,"20,00"
1,0
1,0
1,0
1,0
1,0
1,10.00
1,"77,00"
1,0
1,4.00
1,0
1,0
1,0
1,0
1,0
1,5.00
1,"19,00"
1,"20,00"
1,"17,00"
1,0
1,0
1,0
1,0
1,0
1,0
1,0
1,0
1,0
1,0
1,0
1,0
1,2.00
1,0
1,0
1,"8,00"
1,0
1,7.00
1,"9,00"
1,13.00
1,"52,00"
1,0
1,"37,00"
1,"20,00"
1,0
1,0
1,7.00
1,0
1,0
1,"185,00"
1,"91,00"
1,5.00
1,"8,00"
1,0
1,"17,00"
1,0
1,12.00
1,"1,00"
1,"200,00"
1,0
1,0
1,0
1,0
1,10.00
1,0
1,10.00
1,"3,00"
1,0
1,0
1,"11,00"
1,0
1,0
1,0
1,"3,00"
1,5.00
1,0
1,0
1,0
1,0
1,0
1,0
1,5.00
1,4.00
1,5.00
1,"3,00"
1,5.00
1,0
1,0
1,"1,00"
1,0
1,2.00
1,"8,00"
1,0
1,12.00
1,2.00
1,5.00
1,"106,00"
1,"32,00"
1,"112,00"
1,"119,00"
1,"63,00"
1,"74,00"
1,102
1,1028
1,98
1,5725
1,"766,88"
1,13596
1,"742,6"
1,"191,2"
1,"1742,00"
1,0
1,"2859,00"
1,"145,00"
1,"199,00"
1,"229,00"
1,"109,00"
1,"115,00"
1,"18,00"
1,"65,00"
1,"50,00"
1,"988,00"
1,"864,00"
1,"400,00"
1,0
1,"1955,00"
1,"7101,00"
1,"12159,00"
1,"13916,00"
1,0
1,"241,00"
1,"631,00"
1,"659,00"
1,"90,00"
1,"875,00"
1,0
1,"1058,00"
1,"297,00"
1,"534,00"
1,"348,00"
1,"193,00"
1,"136,00"
1,"261,00"
1,0
1,"69,00"
1,"76,00"
1,"366,00"
1,"422,00"
1,"219,00"
1,"497,00"
1,"187,00"
1,"247,00"
1,"384,00"
1,"521,00"
1,"498,00"
1,"185,00"
1,"300,00"
1,"248,00"
1,"189,00"
1,"226,00"
1,"111,00"
1,"291,00"
1,"114,00"
1,"92,00"
1,"26,00"
1,"780,00"
1,"2274,00"
1,"1680,00"
1,"211,00"
1,"3311,00"
1,"1577,00"
1,"964,00"
1,"2364,00"
1,"29,00"
1,"809,00"
1,"492,00"
1,"593,00"
1,"1368,00"
1,"2417,00"
1,"1435,00"
1,"308,00"
1,"318,00"
1,"292,00"
1,"836,00"
1,"728,00"
1,0
1,"157,00"
1,"194,00"
1,"299,00"
1,"84,00"
1,"765,00"
1,"142,00"
1,"1495,00"
1,"156,00"
1,"37,00"
1,0
1,"196,00"
1,"659,00"
1,"149,00"
1,"836,00"
1,"43,00"
1,0
1,"430,00"
1,"204,00"
1,"488,00"
1,"7054,00"
1,"1462,00"
1,"814,00"
1,"318,00"
1,"715,00"
1,"71,00"
1,"628,8"
1,515
1,391
1,"1988,9"
1,1486
1,538
1,551
1,1072
1,377
1,563
1,"2990,00"
1,0
1,"627,00"
1,"2425,00"
1,"9515,00"
1,"5479,00"
1,"2404,00"
1,"3812,00"
1,"1959,00"
1,"2797,00"
1,263
1,627
1,1700
1,1414
1,"1052,98"
1,549
1,217
1,991
1,243
1,0
1,0
1,0
1,0
1,467
1,608
1,50
1,"357,4"
1,115
1,398
1,282
1,0
1,804
1,0
1,281
1,1165
1,55
1,658
1,"1337,00"
1,"1641,00"
1,"1350,00"
1,"1277,00"
1,"1087,00"
1,"1364,00"
1,"519,00"
1,1152
1,104
1,"353,9"
1,0
1,"299,00"
1,"578,00"
1,"426,00"
1,"520,00"
1,"204,00"
1,"293,00"
1,"587,00"
1,"622,00"
1,"424,00"
1,"432,00"
1,"289,00"
1,0
1,0
1,"954,00"
1,"823,00"
1,"4724,00"
1,"1151,00"
1,"1091,00"
1,"175,00"
1,"371,00"
1,"225,00"
1,"202,00"
1,0
1,0
1,0
1,"372,00"
1,"307,00"
1,"415,00"
1,0
1,"485,00"
1,0
1,"210,00"
1,"91,00"
1,0
1,0
1,"442,6"
1,"984,4"
1,"14720,00"
1,"1122,1"
1,"129,5"
1,509
1,"218,4"
1,"1103,00"
1,"1194,00"
1,"781,00"
1,"115,9"
1,"4336,00"
1,"4583,00"
1,"3159,00"
1,"2699,00"
1,"551,6"
1,"451,6"
1,"1243,00"
1,"3652,00"
1,0
1,"4127,00"
1,"450,00"
1,"776,00"
1,"547,00"
1,"111,00"
1,"1767,00"
1,"543,00"
1,"1230,00"
1,"587,00"
1,"524,00"
1,"238,00"
1,"425,00"
1,"516,00"
1,"1072,00"
1,"303,00"
1,"363,00"
1,"572,00"
1,"263,00"
1,"612,00"
1,"75,00"
1,"301,00"
1,"359,00"
1,"1133,00"
1,"243,00"
1,"591,00"
1,"596,00"
1,"495,00"
1,"2908,00"
1,0
1,"237,00"
1,"341,00"
1,0
1,"4296,00"
1,"738,00"
1,"1426,00"
1,"500,00"
1,"748,00"
1,0
1,"782,00"
1,"63,00"
1,0
1,"3586,00"
1,"1238,00"
1,"647,00"
1,"2492,00"
1,"8871,00"
1,0
1,"1012,00"
1,"983,00"
1,"354,00"
1,"1031,00"
1,0
1,"270,00"
1,0
1,"557,00"
1,2.00
1,"431,00"
1,"139,00"
1,0
1,"1696,00"
1,"932,00"
1,"580,00"
1,"746,00"
1,0
1,"689,00"
1,"1078,00"
1,0
1,"810,00"
1,"1180,00"
1,"673,00"
1,"581,00"
1,"429,00"
1,"1418,00"
1,"1041,00"
1,"463,00"
1,"1796,00"
1,"725,00"
1,"370,00"
1,"1027,00"
1,"995,00"
1,"799,00"
1,"903,00"
1,"460,00"
1,"134,00"
1,"832,00"
1,"61,00"
1,"1702,00"
1,0
1,"890,00"
1,"573,00"
1,"1029,00"
1,"408,00"
1,"948,00"
1,"369,00"
1,"1092,00"
1,"28,00"
1,"462,00"
1,"153,00"
1,"205,00"
1,"875,00"
1,"728,00"
1,"3546,00"
1,"116,00"
1,"3185,00"
1,"2640,00"
1,"1076,00"
1,"1534,00"
1,"921,00"
1,0
1,"563,00"
1,"352,00"
1,"132,00"
1,"1054,00"
1,"594,00"
1,"229,00"
1,"406,00"
1,"628,00"
1,"2155,00"
1,"2443,00"
1,"1857,00"
1,"1684,00"
1,"139,00"
1,"595,00"
1,"159,00"
1,"317,00"
1,"771,00"
1,"784,00"
1,"505,00"
1,"309,00"
1,"1114,00"
1,"693,00"
1,"347,00"
1,0
1,"1517,00"
1,"133,00"
1,"170,00"
1,"324,00"
1,"139,00"
1,"177,00"
1,"77,00"
1,"111,00"
1,"315,00"
1,0
1,"775,00"
1,"449,00"
1,"495,00"
1,"122,00"
1,"363,00"
1,"142,00"
1,"117,00"
1,0
1,"171,00"
1,"169,00"
1,"40,00"
1,"1039,00"
1,"957,00"
1,"379,00"
1,"188,00"
1,"140,00"
1,"70,00"
1,"32,00"
1,"324,00"
1,"88,00"
1,"1097,00"
1,"105,00"
1,"369,00"
1,"134,00"
1,"540,00"
1,0
1,"1220,00"
1,"1110,00"
1,"343,00"
1,"975,00"
1,"324,00"
1,"224,00"
1,"286,00"
1,"359,00"
1,"819,00"
1,"168,00"
1,"108,00"
1,"116,00"
1,"60,00"
1,"587,00"
1,"48,00"
1,"702,00"
1,0
1,"1165,00"
1,"3336,00"
1,"3605,00"
1,"1462,00"
1,"726,00"
1,"906,00"
1,"791,00"
1,"691,00"
1,"398,00"
1,"278,00"
1,0
1,"357,00"
1,"87,00"
1,"668,00"
1,"915,00"
1,"860,00"
1,"4065,00"
1,"1507,00"
1,"949,00"
1,"175,00"
1,"368,00"
1,"73,00"
1,"76,00"
1,0
1,"14,00"
1,"87,00"
1,0
1,0
1,0
1,"20,00"
1,"1896,00"
1,"1239,00"
1,"449,00"
1,"290,00"
1,"140,00"
1,"66,00"
1,7.00
1,"55,00"
1,"29,00"
1,0
1,"81,00"
1,"57,00"
1,"120,00"
1,"57,00"
1,"16,00"
1,0
1,"232,00"
1,"640,00"
1,"221,00"
1,"72,00"
1,"358,00"
1,"817,00"
1,"553,00"
1,"401,00"
1,"182,00"
1,"932,00"
1,"2164,00"
1,"457,00"
1,"680,00"
1,"1614,00"
1,0
1,"147,00"
1,0
1,"294,00"
1,"223,00"
1,"97,00"
1,"257,00"
1,0
1,"1117,00"
1,"422,00"
1,"2128,00"
1,0
1,"24,00"
1,"617,00"
1,"603,00"
1,0
1,"296,00"
1,"1448,00"
1,"2585,00"
1,"567,00"
1,0
1,"123,00"
1,0
1,"191,00"
1,"420,00"
1,"388,00"
1,"429,00"
1,"333,00"
1,"338,00"
1,"377,00"
1,"520,00"
1,"495,00"
1,"1770,00"
1,0
1,"13474,00"
1,"280,00"
1,"280,00"
1,"1611,00"
1,"328,00"
1,"1297,00"
1,"304,00"
1,"410,00"
1,"240,00"
1,"924,00"
1,"129,00"
1,"539,00"
1,"3358,00"
1,"513,00"
1,"906,00"
1,"403,00"
1,"1411,00"
1,"479,00"
1,"11906,00"
1,"20,00"
1,0
1,"16,00"
1,"221,00"
1,"282,00"
1,"307,00"
1,"5172,00"
1,0
1,0
1,"521,00"
1,"458,00"
1,"407,00"
1,"268,00"
1,"304,00"
1,0
1,"531,00"
1,"1170,00"
1,"1276,00"
1,"2636,00"
1,"2765,00"
1,"599,00"
1,"218,00"
1,"978,00"
1,"473,00"
1,"438,00"
1,"606,00"
1,"1897,00"
1,"1034,00"
1,0
1,"1389,00"
1,"559,00"
1,"2292,00"
1,"5193,00"
1,"1243,00"
1,"1022,00"
1,0
1,"1085,00"
1,"740,00"
1,"113,00"
1,"19,00"
1,"326,00"
1,0
1,0
1,"105,00"
1,"20,00"
1,"1105,00"
1,"1280,00"
1,"1137,00"
1,"394,00"
1,"688,00"
1,"657,00"
1,3066
1,"4481,5833333333333333333333333"
1,"141,66666666666666666666666667"
1,"348,75"
1,"292,00"
1,0
1,0
1,0
1,0
1,0
1,0
1,0
1,0
1,0
1,"16,00"
1,0
1,2.00
1,0
1,0
1,"323,00"
1,0
1,0
1,"488,00"
1,"350,00"
1,"288,00"
1,"3031,00"
1,"213,00"
1,"700,00"
1,"297,00"
1,0
1,"136,00"
1,"148,00"
1,"134,00"
1,"524,00"
1,"204,00"
1,"561,00"
1,"1401,00"
1,0
1,"962,00"
1,"415,00"
1,"666,00"
1,"121,00"
1,"351,00"
1,"428,00"
1,"472,00"
1,0
1,"670,00"
1,"443,00"
1,"383,00"
1,"1173,00"
1,"741,00"
1,"969,00"
1,"769,00"
1,"1098,00"
1,"28,00"
1,"1518,00"
1,0
1,"2305,00"
1,"208,00"
1,"866,00"
1,"330,00"
1,"708,00"
1,"222,00"
1,0
1,"99,00"
1,0
1,"853,00"
1,"844,00"
1,0
1,"376,00"
1,"82,00"
1,"1983,00"
1,"372,00"
1,"672,00"
1,"506,00"
1,"697,00"
1,"571,00"
1,"568,00"
1,"679,00"
1,"115,00"
1,"52,00"
1,"24,00"
1,"1294,00"
1,"484,00"
1,"1465,00"
1,"1670,00"
1,"3558,00"
1,"710,00"
1,0
1,"201,00"
1,"401,00"
1,"828,00"
1,"592,00"
1,"777,00"
1,"819,00"
1,"429,00"
1,"1348,00"
1,"495,00"
1,"552,00"
1,"540,00"
1,"1575,00"
1,0
1,"1034,00"
1,0
1,"252,00"
1,"2625,00"
1,"4257,00"
1,"2111,00"
1,"8107,00"
1,"176,00"
1,"1152,00"
1,"3857,00"
1,"649,00"
1,"4085,00"
1,"6128,00"
1,"729,00"
1,"95,00"
1,0
1,"635,00"
1,"1685,00"
1,0
1,"948,00"
1,"2423,00"
1,"47,00"
1,"799,00"
1,"779,00"
1,"83,00"
1,"847,00"
1,0
1,0
1,0
1,"7874,00"
1,"3620,00"
1,"6465,00"
1,"3037,00"
1,"5324,00"
1,"2976,00"
1,"1397,00"
1,"602,00"
1,"170,00"
1,"700,00"
1,"1437,00"
1,"867,00"
1,"201,00"
1,"708,00"
1,"280,00"
1,"157,00"
1,"60,00"
1,"162,00"
1,"28,00"
1,"48,00"
1,0
1,"78,00"
1,0
1,0
1,"1344,00"
1,"718,00"
1,"84,00"
1,0
1,"397,00"
1,"65,00"
1,0
1,"9,00"
1,"27,00"
1,0
1,"319,00"
1,"105,00"
1,"53,00"
1,0
1,"807,00"
1,"677,00"
1,"688,00"
1,"53,00"
1,"442,00"
1,"133,00"
1,"183,00"
1,"228,00"
1,"1289,00"
1,0
1,"8,00"
1,"44,00"
1,"409,00"
1,0
1,"23,00"
1,"185,00"
1,0
1,"131,00"
1,7.00
1,"174,00"
1,0
1,"50,00"
1,"132,00"
1,"108,00"
1,"55,00"
1,"1,00"
1,"1,00"
1,"358,00"
1,"65,00"
1,"37,00"
1,"128,00"
1,"28,00"
1,0
1,0
1,"21,00"
1,"43,00"
1,0
1,"768,00"
1,0
1,"288,00"
1,"224,00"
1,"465,00"
1,0
1,"156,00"
1,"489,00"
1,0
1,46.00
1,"40,00"
1,"84,00"
1,"40,00"
1,"147,00"
1,"168,00"
1,"136,00"
1,"225,00"
1,"362,00"
1,"37,5"
1,"329,00"
1,"1082,00"
1,0
1,"1092,00"
1,"559,00"
1,"156,00"
1,0
1,"368,00"
1,0
1,0
1,0
1,"31,00"
1,0
1,0
1,"1236,00"
1,0
1,"710,00"
1,"197,00"
1,"675,00"
1,0
1,"1447,00"
1,"617,00"
1,"1001,00"
1,"158,00"
1,"35,00"
1,0
1,"436,00"
1,"388,00"
1,"82,00"
1,0
1,"123,00"
1,"151,00"
1,"95,00"
1,"1183,00"
1,"400,00"
1,"157,00"
1,"964,00"
1,"879,00"
1,"994,00"
1,"2038,00"
1,"2195,00"
1,"1346,00"
1,"412,00"
1,"1244,00"
1,"3371,00"
1,"6234,00"
1,"2431,00"
1,"2775,00"
1,"4176,00"
1,"2869,00"
1,"515,00"
1,"439,00"
1,0
1,"4153,00"
1,"1129,00"
1,"1127,00"
1,"1002,00"
1,"459,00"
1,0
1,"971,00"
1,"1169,00"
1,"138,00"
1,"1004,00"
1,"307,00"
1,"405,00"
1,"414,00"
1,"835,00"
1,"165,00"
1,"641,00"
1,"696,00"
1,"231,00"
1,"239,00"
1,0
1,"87,00"
1,"208,00"
1,0
1,"117,00"
1,"378,00"
1,"6566,00"
1,"575,00"
1,"1384,00"
1,"202,00"
1,"384,00"
1,"1094,00"
1,0
1,0
1,"98,00"
1,"132,00"
1,"621,00"
1,"1823,00"
1,0
1,"1143,00"
1,"3,00"
1,"2088,00"
1,"295,00"
1,"638,00"
1,"1383,00"
1,"788,00"
1,"502,00"
1,"252,00"
1,"1190,00"
1,"32,00"
1,"1027,00"
1,"488,00"
1,"564,00"
1,"2495,00"
1,"65,00"
1,0
1,"224,00"
1,"524,00"
1,"712,00"
1,"899,00"
1,"900,00"
1,"521,00"
1,"58,00"
1,"133,00"
1,"320,00"
1,"271,00"
1,"100,00"
1,"1118,00"
1,"341,00"
1,"34,00"
1,"316,00"
1,"100,00"
1,"226,00"
1,"797,00"
1,0
1,"405,00"
1,0
1,"99,00"
1,"214,00"
1,"274,00"
1,"227,00"
1,"305,00"
1,0
1,"235,00"
1,"507,00"
1,"1360,00"
1,"1379,00"
1,"718,00"
1,"90,00"
1,"21,00"
1,"1398,00"
1,"100,00"
1,"262,00"
1,"3315,00"
1,"317,00"
1,"97,00"
1,"326,00"
1,"145,00"
1,"161,00"
1,0
1,"152,00"
1,"103,00"
1,0
1,"195,00"
1,"162,00"
1,"100,00"
1,"3072,00"
1,"73,00"
1,"1882,00"
1,"1334,00"
1,"335,00"
1,"250,00"
1,"388,00"
1,"337,00"
1,"288,00"
1,"273,00"
1,"1758,00"
1,"384,00"
1,"35,00"
1,0
1,"1467,00"
1,0
1,"1287,00"
1,"935,00"
1,"394,00"
1,"380,00"
1,"279,00"
1,"1446,00"
1,"5694,00"
1,"175,00"
1,"2795,00"
1,0
1,"934,00"
1,"159,00"
1,"171,00"
1,"238,00"
1,"33,00"
1,"210,00"
1,"172,00"
1,"159,00"
1,"117,00"
1,"173,00"
1,0
1,"60,00"
1,"122,00"
1,"588,00"
1,"30,00"
1,0
1,"97,00"
1,6.00
1,0
1,"139,00"
1,"65,00"
1,"81,00"
1,"34,00"
1,"179,00"
1,"377,00"
1,0
1,0
1,"402,00"
1,"292,00"
1,"100,00"
1,"125,00"
1,"378,00"
1,"362,00"
1,"1593,00"
1,"333,00"
1,"976,00"
1,"665,00"
1,"246,00"
1,"142,00"
1,"575,00"
1,"208,00"
1,0
1,"260,00"
1,"26,00"
1,"261,00"
1,"736,00"
1,0
1,"733,00"
1,"918,00"
1,"283,00"
1,"203,00"
1,"211,00"
1,"245,00"
1,"497,00"
1,0
1,0
1,"140,00"
1,0
1,0
1,"274,00"
1,"213,00"
1,"572,00"
1,"106,00"
1,"508,00"
1,"986,00"
1,"81,00"
1,"528,00"
1,"2651,00"
1,"21,00"
1,"1224,00"
1,"1515,00"
1,"450,00"
1,"1221,00"
1,"780,00"
1,"1506,00"
1,"373,00"
1,"1156,00"
1,"737,00"
1,"694,00"
1,"474,00"
1,"445,00"
1,"680,00"
1,"1147,00"
1,"640,00"
1,"1333,00"
1,"356,00"
1,"178,00"
1,"35,00"
1,0
1,"397,00"
1,"816,00"
1,"418,00"
1,"614,00"
1,"593,00"
1,"236,00"
1,0
1,"626,00"
1,"662,00"
1,"244,00"
1,4.00
1,"413,00"
1,"112,00"
1,"57,00"
1,"76,00"
1,"309,00"
1,"1528,00"
1,"374,00"
1,"2502,00"
1,"1599,00"
1,"1528,00"
1,0
1,"630,00"
1,"320,00"
1,"629,00"
1,"188,00"
1,"31,00"
1,12.00
1,"238,00"
1,"273,00"
1,"545,00"
1,0
1,"529,00"
1,"137,00"
1,"1560,00"
1,0
1,"181,00"
1,"548,00"
1,"236,00"
1,"381,00"
1,"57,00"
1,0
1,"114,00"
1,"107,00"
1,"171,00"
1,"276,00"
1,"211,00"
1,"35,00"
1,"153,00"
1,"251,00"
1,"244,00"
1,0
1,0
1,"120,00"
1,0
1,0
1,0
1,"248,00"
1,0
1,"83,00"
1,"308,00"
1,"165,00"
1,"105,00"
1,"116,00"
1,"212,00"
1,"354,00"
1,0
1,"206,00"
1,"106,00"
1,0
1,"75,00"
1,"127,00"
1,"130,00"
1,0
1,0
1,"73,00"
1,"921,00"
1,"2598,00"
1,"642,00"
1,0
1,"211,00"
1,0
1,0
1,0
1,"9,00"
1,"15,00"
1,0
1,"147,00"
1,"48,00"
1,0
1,"72,00"
1,"11,00"
1,"1156,00"
1,"474,00"
1,"1053,00"
1,"553,00"
1,"150,00"
1,"1050,00"
1,"1592,00"
1,"63,00"
1,"1168,00"
1,"176,00"
1,"118,00"
1,"196,00"
1,"58,00"
1,"419,00"
1,"35,00"
1,"318,00"
1,"184,00"
1,0
1,0
1,0
1,0
1,0
1,0
1,"216,00"
1,"62,00"
1,"344,00"
1,"986,00"
1,"293,00"
1,0
1,0
1,0
1,"514,00"
1,0
1,0
1,0
1,"33,00"
1,"59,00"
1,"132,00"
1,0
1,"904,00"
1,"948,00"
1,"295,00"
1,"458,00"
1,"366,00"
1,0
1,"216,00"
1,"894,00"
1,0
1,0
1,0
1,0
1,0
1,"389,00"
1,"26,00"
1,"1,00"
1,0
1,"1154,00"
1,"338,00"
1,"338,00"
1,"2994,00"
1,"360,00"
1,"416,00"
1,"435,00"
1,"402,00"
1,"131,00"
1,"356,00"
1,"20,00"
1,"226,00"
1,"102,00"
1,"74,00"
1,"484,00"
1,"73,00"
1,"28,00"
1,"164,00"
1,"69,00"
1,0
1,"318,00"
1,"283,00"
1,"88,00"
1,"2861,00"
1,"204,00"
1,"68,00"
1,"291,00"
1,"291,00"
1,"419,00"
1,"72,00"
1,0
1,"1558,00"
1,0
1,"45,00"
1,2.00
1,"3,00"
1,"88,00"
1,0
1,"66,00"
1,0
1,0
1,"113,00"
1,"239,00"
1,"117,00"
1,0
1,0
1,"23,00"
1,"136,00"
1,"1,00"
1,"30,00"
1,0
1,"11,00"
1,0
1,0
1,"161,00"
1,"167,00"
1,0
1,42.00
1,"18,00"
1,0
1,"88,00"
1,0
1,"198,00"
1,0
1,"49,00"
1,0
1,0
1,0
1,0
1,0
1,"20,00"
1,"47,00"
1,0
1,"64,00"
1,"84,00"
1,"100,00"
1,"73,00"
1,"345,00"
1,"122,00"
1,0
1,0
1,4.00
1,13.00
1,"63,00"
1,"36,00"
1,0
1,0
1,"36,00"
1,0
1,"120,00"
1,0
1,"24,00"
1,0
1,0
1,"256,00"
1,0
1,"123,00"
1,"329,00"
1,0
1,"241,00"
1,0
1,0
1,0
1,5.00
1,"246,00"
1,"57,00"
1,"192,00"
1,"35,00"
1,"72,00"
1,"1,00"
1,0
1,0
1,0
1,0
1,2.00
1,0
1,"159,00"
1,"314,00"
1,"93,00"
1,0
1,"144,00"
1,"141,00"
1,"81,00"
1,0
1,"144,00"
1,"211,00"
1,"256,00"
1,"40,00"
1,0
1,"24,00"
1,"159,00"
1,"111,00"
1,"227,00"
1,"211,00"
1,0
1,"637,00"
1,"136,00"
1,"36,00"
1,0
1,"88,00"
1,"30,00"
1,"66,00"
1,"198,00"
1,"71,00"
1,"121,00"
1,0
1,"204,00"
1,"97,00"
1,"297,00"
1,"178,00"
1,"249,00"
1,"232,00"
1,"1189,00"
1,0
1,"81,00"
1,"45,00"
1,10.00
1,"64,00"
1,0
1,"4082,00"
1,0
1,0
1,0
1,0
1,"147,00"
1,"396,00"
1,"948,00"
1,0
1,"43,00"
1,"133,00"
1,"98,00"
1,"108,00"
1,"50,00"
1,"101,00"
1,"120,00"
1,"184,00"
1,"178,00"
1,"82,00"
1,"54,00"
1,12.00
1,"55,00"
1,"129,00"
1,"91,00"
1,"48,00"
1,"95,00"
1,"54,00"
1,"50,00"
1,"44,00"
1,"50,00"
1,"21,00"
1,"108,00"
1,"158,00"
1,"159,00"
1,"229,00"
1,"141,00"
1,"781,00"
1,"315,00"
1,"542,00"
1,0
1,0
1,"671,00"
1,"60,00"
1,0
1,"84,00"
1,"1624,00"
1,"763,00"
1,0
1,0
1,"491,00"
1,"185,00"
1,"688,00"
1,"1218,00"
1,"1403,00"
1,"759,00"
1,"1831,00"
1,0
1,"2823,00"
1,"1098,00"
1,"462,00"
1,"207,00"
1,"431,00"
1,"359,00"
1,"579,00"
1,"319,00"
1,"219,00"
1,"875,00"
1,"1144,00"
1,"1043,00"
1,"504,00"
1,"658,00"
1,"180,5"
1,"282,00"
1,"1040,00"
1,"1102,00"
1,"760,00"
1,"289,00"
1,"2996,00"
1,"1282,00"
1,"63,00"
1,"250,00"
1,0
1,"81,00"
1,"269,00"
1,0
1,"536,00"
1,"246,00"
1,"499,00"
1,"601,00"
1,"148,00"
1,"703,00"
1,"323,00"
1,"1484,00"
1,"1513,00"
1,"3688,00"
1,"2608,00"
1,"118,00"
1,"22,00"
1,"121,00"
1,"660,00"
1,"304,00"
1,"583,00"
1,"428,00"
1,"937,00"
1,"1312,00"
1,"2774,00"
1,"214,00"
1,"280,00"
1,"387,00"
1,"766,00"
1,"958,00"
1,0
1,"210,00"
1,"31,00"
1,"833,00"
1,"291,00"
1,"280,00"
1,"313,00"
1,"637,00"
1,0
1,"155,00"
1,"192,00"
1,"607,00"
1,"473,00"
1,"45,00"
1,"563,00"
1,"534,00"
1,0
1,"79,00"
1,"132,00"
1,"745,00"
1,"543,00"
1,"628,00"
1,"4044,00"
1,"7031,00"
1,"1833,00"
1,"981,00"
1,"1909,00"
1,"2860,00"
1,"369,00"
1,0
1,0
1,378
1,1124
1,2630
1,0
1,1480
1,1764
1,0
1,0
1,0
1,297
1,0
1,"312,9"
1,799
1,"104,5"
1,583
1,"49,8"
1,0
1,46
1,129
1,55
1,41
1,494
1,689
1,"680,9"
1,"204,8"
1,"374,9"
1,0
1,"589,8"
1,"283,8"
1,59
1,"1840,00"
1,"125,00"
1,"824,00"
1,"977,00"
1,"57,00"
1,"248,00"
1,"1431,00"
1,"4553,00"
1,"2098,00"
1,"212,00"
1,"502,00"
1,"909,00"
1,0
1,0
1,"986,00"
1,0
1,0
1,"1,00"
1,0
1,"32,00"
1,0
1,0
1,0
1,0
1,0
1,"1,00"
1,0
1,"558,00"
1,"187,00"
1,"297,00"
1,"297,00"
1,"86,00"
1,"181,00"
1,"450,00"
1,0
1,"500,00"
1,"289,00"
1,"1001,00"
1,0
1,0
1,0
1,0
1,0
1,0
1,"338,00"
1,4.00
1,"213,00"
1,"72,00"
1,"1067,00"
1,0
1,"1,00"
1,0
1,0
1,0
1,"85,00"
1,0
1,"11,00"
1,"24,00"
1,0
1,0
1,0
1,0
1,0
1,0
1,0
1,0
1,0
1,"514,00"
1,0
1,"783,00"
1,"982,00"
1,"170,00"
1,0
1,"17,00"
1,"1398,00"
1,"43,00"
1,"179,00"
1,2.00
1,0
1,0
1,0
1,"1214,00"
1,"891,00"
1,"513,00"
1,"492,00"
1,"258,00"
1,"304,00"
1,12.00
1,0
1,"718,00"
1,0
1,"409,00"
1,0
1,"382,00"
1,0
1,"118,00"
1,0
1,"102,00"
1,"272,00"
1,0
1,"200,00"
1,0
1,"259,00"
1,0
1,0
1,0
1,"232,00"
1,"63,00"
1,"135,00"
1,0
1,"20,00"
1,0
1,0
1,"92,00"
1,"84,00"
1,"44,00"
1,0
1,"20,00"
1,0
1,0
1,0
1,0
1,0
1,0
1,"185,00"
1,0
1,0
1,"131,00"
1,"32,00"
1,0
1,0
1,10.00
1,"110,00"
1,0
1,0
1,0
1,0
1,0
1,0
1,0
1,0
1,0
1,"160,00"
1,0
1,17
1,38
1,"197,8"
1,"98,6"
1,"626,00"
1,"119,5"
1,"1,25"
1,49
1,"26,5"
1,86
1,"149,00"
1,"138,00"
1,0
1,"32,00"
1,"110,00"
1,"91,00"
1,"6655,00"
1,0
1,"966,00"
1,"479,00"
1,"1484,00"
1,"1780,00"
1,"538,00"
1,"309,00"
1,"2212,00"
1,"2689,00"
1,"2339,00"
1,"694,00"
1,"1839,00"
1,"1806,00"
1,"2293,00"
1,"2006,00"
1,"3235,00"
1,"2323,00"
1,"1098,00"
1,"911,00"
1,0
1,"675,00"
1,"1991,00"
1,"1678,00"
1,"2257,00"
1,"693,00"
1,"1464,00"
1,"426,00"
1,"1091,00"
1,"1092,00"
1,"327,00"
1,"538,00"
1,"1414,00"
1,"1270,00"
1,"23,5"
1,33
1,"33,5"
1,"648,00"
1,"865,00"
1,"417,00"
1,"235,00"
1,"38,00"
1,"85,00"
1,"112,00"
1,"145,58333333333333333333333333"
1,"87,33333333333333333333333333"
1,0
1,"242,83333333333333333333333333"
1,12.00
1,"1760,00"
1,"1243,00"
1,"2569,00"
1,"1485,00"
1,"400,00"
1,"1137,00"
1,"288,00"
1,"190,00"
1,"93,00"
1,"446,00"
1,"443,00"
1,"337,00"
1,"550,00"
1,"98,00"
1,"177,00"
1,"88,00"
1,0
1,"784,00"
1,"297,00"
1,46.00
1,"141,00"
1,"67,00"
1,"908,00"
1,"475,00"
1,"492,00"
1,"214,00"
1,"492,00"
1,"1218,00"
1,"1059,00"
1,"1908,00"
1,"204,00"
1,"925,00"
1,"920,00"
1,"111,00"
1,"100,00"
1,0
1,"230,00"
1,"331,00"
1,"50,00"
1,"246,00"
1,"127,00"
1,"79,00"
1,"45,00"
1,"112,00"
1,"83,00"
1,"791,00"
1,"758,00"
1,"478,00"
1,"934,00"
1,"470,00"
1,"595,00"
1,"393,00"
1,"98,00"
1,"271,00"
1,"231,00"
1,"132,00"
1,"192,00"
1,"59,00"
1,"146,00"
1,"153,00"
1,"110,00"
1,"120,00"
1,"24,00"
1,"64,00"
1,"49,00"
1,"41,00"
1,"44,00"
1,"618,00"
1,"516,00"
1,"533,00"
1,"539,00"
1,"556,00"
1,"731,00"
1,"943,00"
1,"201,00"
1,"385,00"
1,"321,00"
1,"182,00"
1,"131,00"
1,"50,00"
1,"246,00"
1,"124,00"
1,"79,00"
1,"160,00"
1,"41,00"
1,"22,00"
1,"28,00"
1,"20,00"
1,"30,00"
1,"10779,00"
1,"1053,00"
1,"2029,00"
1,"3544,00"
1,"5216,00"
1,"3772,00"
1,"1249,00"
1,"3812,00"
1,"9604,00"
1,"1180,00"
1,"2778,00"
1,0
1,"3282,00"
1,"1729,00"
1,"1042,00"
1,"1574,00"
1,"1725,00"
1,"838,00"
1,"1089,00"
1,"1160,00"
1,"1626,00"
1,"1844,00"
1,"1650,00"
1,"172,00"
1,"3032,00"
1,"741,00"
1,"2057,00"
1,"256,00"
1,"462,00"
1,0
1,"428,00"
1,"83,00"
1,"462,00"
1,7.00
1,6.00
1,0
1,"219,00"
1,"497,00"
1,0
1,"1762,00"
1,0
1,"500,00"
1,"412,00"
1,"630,00"
1,"59,00"
1,"27,00"
1,"222,00"
1,"1,00"
1,0
1,"605,00"
1,"512,00"
1,"214,00"
1,"206,00"
1,"53,00"
1,"360,00"
1,"168,00"
1,"2865,00"
1,"485,00"
1,"498,00"
1,"474,00"
1,"226,00"
1,"547,00"
1,"638,00"
1,"1447,00"
1,"405,00"
1,"756,00"
1,"757,00"
1,"420,00"
1,"32,00"
1,0
1,"738,00"
1,"396,00"
1,"1125,00"
1,"790,00"
1,"404,00"
1,"155,00"
1,0
1,0
1,"462,00"
1,0
1,"482,00"
1,"555,00"
1,"557,00"
1,"483,00"
1,"145,00"
1,"1143,00"
1,"288,00"
1,"544,00"
1,"96,00"
1,"307,00"
1,"967,00"
1,"923,00"
1,"170,00"
1,"32,00"
1,0
1,0
1,"780,00"
1,"278,00"
1,"436,00"
1,"360,00"
1,7.00
1,0
1,"29,00"
1,0
1,"369,00"
1,"143,00"
1,0
1,0
1,"76,00"
1,"102,00"
1,"142,00"
1,0
1,0
1,"207,00"
1,"251,00"
1,"292,00"
1,"194,00"
1,"71,00"
1,"1542,00"
1,"1020,00"
1,"780,00"
1,"0,24"
1,"184,92"
1,"3325,00"
1,"29,56"
1,"110,48"
1,"249,4"
1,"64,04"
1,"58,52"
1,"1692,00"
1,"83,52"
1,"1599,00"
1,119
1,"2063,00"
1,"123,64"
1,"1152,00"
1,"3325,00"
1,"80,64"
1,"631,00"
1,"950,00"
1,"1178,00"
1,"1210,00"
1,"5828,00"
1,"2691,00"
1,"4698,00"
1,"3054,00"
1,"1151,00"
1,"1444,00"
1,"252,00"
1,"228,00"
1,"1097,00"
1,"1180,00"
1,"351,00"
1,"362,00"
1,"528,00"
1,"657,00"
1,"549,00"
1,"1277,00"
1,0
1,"67,00"
1,"6134,00"
1,"6462,00"
1,"1742,00"
1,"2510,00"
1,"741,00"
1,"1259,00"
1,"239,00"
1,0
1,0
1,"792,00"
1,"216,00"
1,"457,00"
1,"729,00"
1,0
1,"303,00"
1,"1362,00"
1,"571,00"
1,"691,00"
1,"1772,00"
1,"417,00"
1,0
1,"2689,9"
1,"592,41666666666666666666666667"
1,"483,91666666666666666666666667"
1,"817,9166666666666666666666667"
1,218
1,448
1,578
1,"1132,9166666666666666666666667"
1,"881,9166666666666666666666667"
1,"411,91666666666666666666666667"
1,"348,91666666666666666666666667"
1,"385,91666666666666666666666667"
1,"416,91666666666666666666666667"
1,851
1,443
1,"907,00"
1,123
1,81
1,110
1,85
1,30
1,40
1,111
1,29
1,41
1,34
1,"27,98"
1,"302,00"
1,"117,00"
1,"108,00"
1,"1625,00"
1,"76,00"
1,"2594,00"
1,"588,00"
1,"2830,00"
1,"315,00"
1,"3158,00"
1,"637,00"
1,"887,00"
1,"40,00"
1,"875,00"
1,"645,00"
1,"1346,00"
1,"601,00"
1,"794,00"
1,"2819,00"
1,"400,00"
1,"885,00"
1,"714,00"
1,"445,00"
1,"598,00"
1,"659,00"
1,"2004,00"
1,"714,00"
1,"982,00"
1,"2434,00"
1,"2209,00"
1,"1138,00"
1,"1319,00"
1,"818,00"
1,"366,00"
1,"1932,00"
1,"578,00"
1,"58,00"
1,"1308,00"
1,"1008,00"
1,0
1,"50,00"
1,0
1,"1197,00"
1,"571,00"
1,"923,00"
1,"2227,9"
1,1004
1,"304,00"
1,0
1,42.00
1,"1393,00"
1,"847,00"
1,0
1,"724,00"
1,"541,00"
1,"1474,00"
1,"336,00"
1,"313,83333333333333333333333333"
1,123
1,"126,33333333333333333333333333"
1,"112,00"
1,0
1,0
1,"163,00"
1,0
1,0
1,4.00
1,"21,00"
1,"2700,00"
1,"878,00"
1,"753,00"
1,"3456,00"
1,"7473,00"
1,"67,00"
1,"519,00"
1,"142,00"
1,"551,00"
1,"518,00"
1,"506,00"
1,"474,00"
1,"419,00"
1,"342,00"
1,"324,00"
1,"115,00"
1,"201,00"
1,0
1,"479,00"
1,0
1,"522,00"
1,0
1,0
1,"401,00"
1,"141,00"
1,"807,00"
1,0
1,"376,00"
1,"500,00"
1,0
1,"412,00"
1,0
1,"585,00"
1,0
1,"182,00"
1,"200,00"
1,0
1,0
1,"825,00"
1,247
1,"853,5"
1,215
1,"231,5"
1,"4133,1"
1,3804
1,843
1,440
1,1050
1,798
1,108
1,"38,8"
1,704
1,1785
1,169
1,"1313,5"
1,"158,12"
1,"140,00"
1,"207,00"
1,"274,00"
1,"417,00"
1,"289,00"
1,"822,00"
1,"201,00"
1,"147,00"
1,"145,00"
1,"131,9"
1,224
1,342
1,0
1,364
1,69
1,368
1,0
1,0
1,"2783,00"
1,"221,1"
1,268
1,"1376,00"
1,"200,9"
1,"1923,00"
1,"1519,00"
1,0
1,101
1,158
1,165
1,150
1,97
1,138
1,72
1,"105,98"
1,"36,98"
1,"16,96"
1,284
1,663
1,"137,5"
1,"164,5"
1,76
1,"120,5"
1,131
1,"31,5"
1,73
1,10
1,80
1,74
1,89
1,122
1,223
1,46
1,48
1,84
1,"162,4"
1,292
1,132
1,173
1,"416,00"
1,"267,00"
1,"3009,00"
1,"181,00"
1,"1199,00"
1,"2058,00"
1,"207,00"
1,"2157,00"
1,"1200,00"
1,"2321,00"
1,"2206,00"
1,"770,00"
1,"343,00"
1,"969,00"
1,0
1,"44,00"
1,"231,00"
1,0
1,"416,00"
1,"425,00"
1,0
1,0
1,"22,00"
1,"1123,00"
1,"328,00"
1,"515,00"
1,"457,00"
1,0
1,"2492,00"
1,"551,00"
1,"754,00"
1,"867,00"
1,"863,00"
1,"383,00"
1,0
1,"993,00"
1,"1009,00"
1,"448,00"
1,"689,00"
1,0
1,"36,00"
1,"168,00"
1,0
1,"3,00"
1,"19,00"
1,0
1,0
1,0
1,"94,00"
1,"723,00"
1,"37,00"
1,"94,00"
1,"67,00"
1,13.00
1,"77,00"
1,0
1,"232,00"
1,"35,00"
1,46.00
1,0
1,"48,00"
1,"43,00"
1,"148,00"
1,"356,00"
1,"40,00"
1,"17,00"
1,"20,00"
1,"102,00"
1,"2702,00"
1,"1313,00"
1,"1295,00"
1,"8,00"
1,"44,00"
1,"51,00"
1,"30,00"
1,"39,00"
1,"53,00"
1,"26,00"
1,0
1,"2005,00"
1,5.00
1,0
1,"365,00"
1,"602,00"
1,"47,00"
1,2.00
1,13.00
1,"275,00"
1,"385,00"
1,"228,00"
1,"136,00"
1,0
1,"158,00"
1,0
1,0
1,0
1,0
1,0
1,0
1,0
1,0
1,"1198,00"
1,"286,00"
1,"2907,00"
1,0
1,"24,00"
1,"19,00"
1,"15,00"
1,"159,00"
1,0
1,0
1,0
1,"485,00"
1,"84,00"
1,"206,00"
1,"364,00"
1,"108,00"
1,"120,00"
1,13.00
1,"91,00"
1,0
1,0
1,"177,00"
1,"67,00"
1,"89,00"
1,"220,00"
1,0
1,4.00
1,"313,00"
1,"5589,00"
1,0
1,"593,00"
1,"1094,00"
1,"374,00"
1,"369,00"
1,"665,00"
1,"963,00"
1,0
1,"1154,00"
1,"842,00"
1,10.00
1,"277,00"
1,"483,00"
1,"4682,00"
1,"6205,00"
1,"846,00"
1,"631,00"
1,"231,00"
1,"59,00"
1,"116,00"
1,"2881,00"
1,"214,00"
1,0
1,"176,00"
1,"364,00"
1,"351,00"
1,0
1,2.00
1,"587,00"
1,"128,00"
1,"165,00"
1,"873,00"
1,"993,00"
1,6.00
1,"1343,00"
1,"278,00"
1,"230,00"
1,"332,00"
1,"172,00"
1,"342,00"
1,"1133,00"
1,0
1,"1,00"
1,"795,00"
1,"571,00"
1,"723,00"
1,"11,00"
1,"567,00"
1,"476,00"
1,"1247,00"
1,0
1,"570,00"
1,"407,00"
1,"2567,00"
1,0
1,"195,00"
1,"203,00"
1,0
1,"319,00"
1,"199,00"
1,"116,00"
1,0
1,0
1,0
1,0
1,0
1,0
1,0
1,0
1,"211,00"
1,0
1,"194,00"
1,"9,00"
1,"49,00"
1,"38,00"
1,"166,00"
1,"224,00"
1,42.00
1,7.00
1,"86,00"
1,"11,00"
1,0
1,"172,00"
1,"34,00"
1,"325,00"
1,"235,00"
1,"193,00"
1,"17,00"
1,"55,00"
1,"67,00"
1,"110,00"
1,"112,00"
1,"25,00"
1,"133,00"
1,"145,00"
1,"415,00"
1,"26,00"
1,"25,00"
1,"181,00"
1,"114,00"
1,0
1,"359,00"
1,"1048,00"
1,"259,00"
1,0
1,"171,00"
1,"90,00"
1,"191,00"
1,"288,00"
1,"307,00"
1,"474,00"
1,"313,00"
1,"39,00"
1,"116,00"
1,0
1,"1745,00"
1,"640,00"
1,"446,00"
1,"599,00"
1,"123,00"
1,"189,00"
1,"49,00"
1,"20,00"
1,"1394,00"
1,0
1,0
1,"918,00"
1,"259,00"
1,"484,00"
1,"724,00"
1,"1039,00"
1,"116,00"
1,"72,00"
1,"102,00"
1,"659,00"
1,"338,00"
1,"298,00"
1,"70,00"
1,6.00
1,"16,00"
1,"31,00"
1,0
1,0
1,0
1,0
1,"20,00"
1,0
1,2.00
1,"1115,00"
1,"204,00"
1,"710,00"
1,"73,00"
1,"678,00"
1,"372,00"
1,"100,00"
1,"69,00"
1,0
1,"567,00"
1,"442,00"
1,"115,00"
1,"174,00"
1,"336,00"
1,"672,00"
1,"491,00"
1,"538,00"
1,"961,00"
1,"592,00"
1,0
1,"19,00"
1,0
1,0
1,0
1,"541,00"
1,0
1,0
1,0
1,"386,00"
1,"277,00"
1,"1057,00"
1,"1139,00"
1,0
1,"102,00"
1,"551,00"
1,"413,00"
1,"155,00"
1,"273,00"
1,"334,00"
1,0
1,"266,00"
1,"141,00"
1,"413,00"
1,"670,00"
1,"390,00"
1,"527,00"
1,"1408,00"
1,"225,00"
1,"1202,00"
1,"491,00"
1,"352,8"
1,"270,8"
1,"148,6"
1,"88,1"
1,"55,2"
1,"84,4"
1,"1287,00"
1,"254,2"
1,"187,8"
1,"180,8"
1,"17,5"
1,"42,7"
1,101
1,"128,8"
1,"73,8"
1,"26,9"
1,"433,6"
1,"4427,00"
1,304
1,"359,3"
1,"82,4"
1,"585,00"
1,"2239,00"
1,"292,00"
1,"1917,00"
1,"1526,00"
1,"1665,00"
1,"2082,00"
1,0
1,"55,00"
1,"320,00"
1,"197,00"
1,"643,00"
1,"124,00"
1,"26,00"
1,0
1,0
1,0
1,0
1,0
1,0
1,"1136,8"
1,"782,9"
1,"726,9"
1,537
1,489
1,419
1,400
1,"798,6"
1,845
1,0
1,"70,9"
1,"253,8"
1,"321,00"
1,0
1,0
1,"300,00"
1,0
1,"65,00"
1,0
1,"191,00"
1,0
1,0
1,0
1,"208,00"
1,"108,00"
1,"53,00"
1,"674,00"
1,"389,00"
1,0
1,"570,00"
1,0
1,"924,00"
1,0
1,"600,00"
1,2
1,33
1,85
1,82
1,29
1,"6,5"
1,"27,5"
1,54
1,67
1,"8,00"
1,"964,00"
1,"119,00"
1,"589,00"
1,"2311,00"
1,"259,00"
1,"707,00"
1,"278,00"
1,5.00
1,"286,58333333333333333333333333"
1,"22,00"
1,"2284,00"
1,0
1,"386,00"
1,"829,00"
1,"160,00"
1,"242,00"
1,"526,00"
1,"252,00"
1,0
1,0
1,"93,00"
1,"156,00"
1,"431,00"
1,"259,00"
1,"214,00"
1,"156,00"
1,"25,00"
1,"763,00"
1,"189,00"
1,"830,00"
1,"1738,00"
1,"1102,00"
1,0
1,"1175,00"
1,"232,00"
1,0
1,"690,00"
1,"321,00"
1,"176,00"
1,0
1,"144,00"
1,"235,00"
1,"33,00"
1,"388,00"
1,"148,00"
1,"439,00"
1,"1214,00"
1,0
1,"2089,00"
1,"1069,00"
1,0
1,12.00
1,0
1,0
1,0
1,"91,00"
1,"86,00"
1,"158,00"
1,"115,00"
1,7.00
1,"86,00"
1,"721,00"
1,0
1,"243,00"
1,0
1,"255,00"
1,"33,00"
1,"87,00"
1,"371,00"
1,"173,00"
1,"23,00"
1,"284,00"
1,"644,00"
1,"218,00"
1,"381,00"
1,"40,00"
1,"137,00"
1,"307,00"
1,"105,00"
1,46.00
1,"660,00"
1,"1631,00"
1,"1671,00"
1,"278,00"
1,"171,00"
1,"717,00"
1,"249,00"
1,"1094,00"
1,0
1,"166,00"
1,"484,00"
1,0
1,"296,00"
1,0
1,0
1,"1326,00"
1,"1098,9166666666666666666666667"
1,"359,91666666666666666666666667"
1,"271,91666666666666666666666667"
1,"302,00"
1,"1121,00"
1,"624,00"
1,"337,00"
1,"585,00"
1,"204,00"
1,0
1,"360,00"
1,"380,00"
1,"319,00"
1,"894,00"
1,0
1,0
1,0
1,0
1,0
1,0
1,"23,00"
1,0
1,0
1,0
1,0
1,"16,00"
1,"25,00"
1,6.00
1,13.00
1,0
1,0
1,0
1,"164,00"
1,0
1,0
1,"160,00"
1,"43,00"
1,"67,00"
1,0
1,"15,00"
1,0
1,0
1,"200,96"
1,0
1,0
1,"939,5"
1,0
1,304
1,"969,00"
1,0
1,"3021,00"
1,"187,00"
1,"5410,00"
1,"3967,00"
1,"463,00"
1,"2726,00"
1,"949,00"
1,"199,00"
1,"80,00"
1,"85,00"
1,0
1,"80,00"
1,"71,00"
1,0
1,"205,00"
1,0
1,"3285,00"
1,"1339,00"
1,"36,00"
1,"60,00"
1,0
1,"191,00"
1,"227,00"
1,"71,00"
1,"88,00"
1,"105,00"
1,"294,00"
1,"846,00"
1,0
1,"322,00"
1,0
1,0
1,0
1,0
1,0
1,0
1,0
1,0
1,0
1,0
1,"44,00"
1,"19,00"
1,"374,00"
1,"559,00"
1,"782,00"
1,0
1,0
1,0
1,0
1,0
1,0
1,0
1,0
1,0
1,"3,00"
1,"8,00"
1,0
1,"181,00"
1,0
1,4.00
1,"29,00"
1,0
1,"26,00"
1,"9,00"
1,10.00
1,10.00
1,"19,00"
1,5.00
1,5.00
1,7.00
1,0
1,0
1,10.00
1,10.00
1,"9,00"
1,0
1,"14,00"
1,0
1,"9,00"
1,10.00
1,0
1,0
1,0
1,0
1,0
1,0
1,0
1,0
1,0
1,0
1,2.00
1,0
1,10.00
1,"335,00"
1,"350,00"
1,"167,00"
1,"102,00"
1,"93,00"
1,"107,00"
1,"67,00"
1,"38,00"
1,"72,00"
1,"169,00"
1,"122,00"
1,"102,00"
1,"127,00"
1,"72,00"
1,0
1,0
1,"56,00"
1,"539,00"
1,"277,00"
1,"127,00"
1,"87,00"
1,"286,00"
1,"53,00"
1,"130,00"
1,"20,00"
1,0
1,"21,00"
1,"58,00"
1,"148,00"
1,"79,00"
1,0
1,0
1,0
1,"200,00"
1,0
1,"266,00"
1,"213,00"
1,"494,00"
1,"252,00"
1,"347,00"
1,"72,00"
1,"25,00"
1,"683,00"
1,"291,00"
1,"313,00"
1,"636,00"
1,0
1,"1,00"
1,"216,00"
1,"207,00"
1,0
1,0
1,"64,00"
1,"58,00"
1,"8,00"
1,0
1,0
1,0
1,0
1,0
1,0
1,"342,00"
1,0
1,"447,00"
1,"302,00"
1,"524,00"
1,0
1,0
1,0
1,0
1,0
1,0
1,0
1,0
1,0
1,0
1,0
1,0
1,0
1,"420,00"
1,"76,00"
1,"3,00"
1,0
1,"609,00"
1,"373,00"
1,0
1,"153,00"
1,0
1,0
1,0
1,0
1,"159,00"
1,"134,00"
1,"56,00"
1,"69,00"
1,2.00
1,13.00
1,0
1,"54,00"
1,"500,00"
1,"54,00"
1,"647,00"
1,"547,00"
1,"556,00"
1,"568,00"
1,"676,00"
1,"196,00"
1,"207,00"
1,"494,00"
1,"438,00"
1,0
1,"369,00"
1,"32,00"
1,0
1,0
1,10.00
1,"282,00"
1,"338,00"
1,"161,00"
1,0
1,0
1,2.00
1,7.00
1,13.00
1,0
1,0
1,"25,00"
1,0
1,"3,00"
1,"101,00"
1,"26,00"
1,0
1,0
1,0
1,0
1,0
1,0
1,"1,00"
1,2.00
1,0
1,0
1,0
1,0
1,0
1,0
1,0
1,0
1,"59,00"
1,2.00
1,2.00
1,2.00
1,4.00
1,2.00
1,0
1,"19,00"
1,"255,00"
1,"306,00"
1,0
1,0
1,0
1,0
1,0
1,"68,00"
1,0
1,0
1,"220,00"
1,0
1,0
1,0
1,"1,00"
1,0
1,4.00
1,6.00
1,0
1,0
1,0
1,0
1,7.00
1,"8,00"
1,7.00
1,6.00
1,0
1,"20,00"
1,"178,00"
1,"84,00"
1,"302,00"
1,"178,00"
1,0
1,0
1,0
1,0
1,0
1,0
1,"34,00"
1,"483,00"
1,0
1,"762,00"
1,"124,00"
1,"3,00"
1,"319,00"
1,"64,00"
1,0
1,"16,00"
1,0
1,0
1,5.00
1,"3,00"
1,0
1,"27,00"
1,0
1,"1,00"
1,10.00
1,"23,00"
1,"32,00"
1,0
1,"11,00"
1,0
1,2.00
1,0
1,"3,00"
1,0
1,0
1,"9,00"
1,0
1,"28,00"
1,0
1,"9,00"
1,"1,00"
1,0
1,0
1,6.00
1,"3928,00"
1,"473,00"
1,"4900,00"
1,"4913,00"
1,"4830,00"
1,0
1,12.00
1,"1,00"
1,0
1,0
1,0
1,"1,00"
1,5.00
1,"14,00"
1,"3,00"
1,"9,00"
1,0
1,0
1,2.00
1,7.00
1,0
1,"9,00"
1,0
1,0
1,4.00
1,0
1,0
1,0
1,12.00
1,0
1,0
1,"14,00"
1,5.00
1,2.00
1,2.00
1,"9,00"
1,0
1,0
1,"14,00"
1,0
1,0
1,"19,00"
1,"1,00"
1,0
1,"9,00"
1,0
1,"16,00"
1,7.00
1,"41,00"
1,"117,00"
1,"226,00"
1,"96,00"
1,"179,00"
1,"78,00"
1,"48,00"
1,0
1,"14,00"
1,"255,00"
1,"216,00"
1,"86,00"
1,"56,00"
1,"93,00"
1,"213,00"
1,"244,00"
1,"185,00"
1,"143,00"
1,"337,00"
1,"1139,00"
1,0
1,0
1,0
1,"0,98"
1,0
1,0
1,0
1,0
1,"191,9"
1,0
1,0
1,0
1,0
1,0
1,"0,99"
1,"0,99"
1,"0,99"
1,0
1,0
1,0
1,"280,9"
1,"159,9"
1,"0,9"
1,"3,9"
1,"39,00"
1,"56,00"
1,"77,00"
1,"140,00"
1,"61,00"
1,"65,00"
1,0
1,"247,00"
1,"311,00"
1,"476,00"
1,"747,00"
1,"279,00"
1,"330,00"
1,5.00
1,7.00
1,0
1,0
1,"1,00"
1,"16,00"
1,"475,91666666666666666666666667"
1,"728,91666666666666666666666667"
1,"1073,9166666666666666666666667"
1,"419,91666666666666666666666667"
1,0
1,"669,91666666666666666666666667"
1,"840,9166666666666666666666667"
1,"407,91666666666666666666666667"
1,"398,91666666666666666666666667"
1,"582,91666666666666666666666667"
1,"729,91666666666666666666666667"
1,"162,00"
1,0
1,7.00
1,0
1,0
1,4.00
1,"9,00"
1,0
1,0
1,0
1,0
1,0
1,0
1,0
1,0
1,0
1,0
1,0
1,0
1,0
1,0
1,0
1,0
1,12.00
1,0
1,0
1,0
1,0
1,5.00
1,0
1,0
1,0
1,0
1,0
1,"3,00"
1,2.00
1,0
1,0
1,0
1,0
1,0
1,0
1,0
1,6.00
1,0
1,0
1,0
1,0
1,0
1,0
1,0
1,0
1,0
1,0
1,0
1,0
1,0
1,0
1,"148,00"
1,0
1,"133,00"
1,"119,00"
1,"114,00"
1,"39,00"
1,"127,00"
1,"1760,00"
1,"1047,00"
1,"544,00"
1,0
1,7.00
1,0
1,2.00
1,0
1,4.00
1,0
1,"9,00"
1,0
1,10.00
1,0
1,0
1,0
1,4.00
1,0
1,0
1,0
1,"1,00"
1,0
1,13.00
1,"9,00"
1,"282,00"
1,"338,00"
1,"35,00"
1,"338,00"
1,"127,6"
1,"154,00"
1,"229,00"
1,"314,00"
1,"135,00"
1,"175,00"
1,"36,00"
1,0
1,0
1,"140,00"
1,"66,00"
1,"37,00"
1,0
1,"60,00"
1,"793,00"
1,"101,00"
1,"70,00"
1,"126,00"
1,"80,00"
1,"100,00"
1,"48,00"
1,0
1,0
1,0
1,0
1,0
1,0
1,0
1,0
1,0
1,"485,00"
1,"487,00"
1,2.00
1,5.00
1,0
1,0
1,0
1,0
1,"9,00"
1,0
1,"1,00"
1,"1,00"
1,2.00
1,2.00
1,"11,00"
1,2.00
1,"3,00"
1,0
1,0
1,10.00
1,4.00
1,"3,00"
1,2.00
1,5.00
1,"9,00"
1,4.00
1,"344,00"
1,"25,00"
1,"49,00"
1,"3,00"
1,"3,00"
1,"30,00"
1,2.00
1,"14,00"
1,"92,00"
1,"52,00"
1,2.00
1,"25,00"
1,"32,00"
1,"330,00"
1,"193,00"
1,"403,00"
1,"1220,00"
1,0
1,"13669,00"
1,"2624,00"
1,"368,00"
1,"1112,00"
1,"674,00"
1,0
1,"180,00"
1,"174,00"
1,0
1,"275,00"
1,"70,00"
1,0
1,"1947,00"
1,"87,00"
1,0
1,"282,00"
1,"36,00"
1,"161,00"
1,"23,00"
1,"485,00"
1,"368,00"
1,0
1,0
1,0
1,0
1,0
1,"808,00"
1,"1045,00"
1,"493,00"
1,"1431,00"
1,0
1,"195,00"
1,"1198,00"
1,"387,00"
1,"203,00"
1,0
1,0
1,4.00
1,"131,00"
1,"1,00"
1,"122,00"
1,"482,00"
1,0
1,0
1,"508,00"
1,0
1,0
1,"141,00"
1,"86,00"
1,"115,00"
1,"36,00"
1,0
1,0
1,"99,00"
1,0
1,"131,00"
1,"138,00"
1,0
1,"90,00"
1,"695,00"
1,0
1,"253,00"
1,"116,00"
1,0
1,"114,00"
1,0
1,"494,00"
1,0
1,"125,00"
1,0
1,0
1,"180,00"
1,0
1,0
1,"74,00"
1,"79,00"
1,"225,00"
1,"21,00"
1,"163,00"
1,"49,00"
1,7.00
1,"22,00"
1,2.00
1,"217,00"
1,"189,00"
1,"207,00"
1,6.00
1,"248,00"
1,"167,00"
1,"170,00"
1,"326,00"
1,0
1,"132,00"
1,"202,00"
1,"38,00"
1,0
1,"59,00"
1,"24,00"
1,"147,00"
1,0
1,0
1,"76,00"
1,0
1,"104,00"
1,"121,00"
1,"366,00"
1,"19,00"
1,"52,00"
1,"105,00"
1,"70,00"
1,"115,00"
1,"291,00"
1,"229,00"
1,"291,00"
1,"16,00"
1,0
1,0
1,0
1,"48,00"
1,"129,00"
1,"723,00"
1,"109,00"
1,"506,00"
1,"180,00"
1,0
1,"280,00"
1,"190,00"
1,"714,00"
1,"624,00"
1,"88,00"
1,0
1,0
1,"30,00"
1,0
1,"64,00"
1,0
1,"98,00"
1,7.00
1,0
1,0
1,0
1,"67,00"
1,"155,00"
1,"186,00"
1,0
1,0
1,"216,00"
1,0
1,0
1,"572,00"
1,"9,00"
1,0
1,"226,00"
1,"345,00"
1,"118,18181818181818181818181818"
1,"201,16666666666666666666666667"
1,131
1,0
1,"1,00"
1,"191,00"
1,"4079,00"
1,0
1,0
1,0
1,"770,00"
1,"253,00"
1,"280,00"
1,0
1,"1799,00"
1,0
1,0
1,0
1,420
1,0
1,0
1,"0,8333333333333333333333333333"
1,33
1,6
1,0
1,"64,00"
1,"1126,00"
1,"1507,00"
1,"1318,00"
1,"548,00"
1,"447,00"
1,"254,00"
1,"700,00"
1,"622,00"
1,"461,00"
1,"79,00"
1,"559,00"
1,"351,00"
1,"469,00"
1,0
1,0
1,0
1,"873,00"
1,"341,00"
1,"787,00"
1,0
1,"1472,00"
1,"1587,00"
1,"318,00"
1,"78,00"
1,"241,00"
1,"947,00"
1,"172,00"
1,"296,00"
1,"962,00"
1,"174,00"
1,"245,00"
1,"678,00"
1,0
1,"1684,00"
1,"423,00"
1,"1055,00"
1,"1571,00"
1,"128,00"
1,"92,00"
1,0
1,"1614,00"
1,"488,00"
1,"279,00"
1,"643,00"
1,4.00
1,4.00
1,"3,00"
1,0
1,0
1,"1,00"
1,0
1,"1,00"
1,0
1,0
1,12.00
1,"14,00"
1,0
1,"11,00"
1,7.00
1,0
1,12.00
1,2.00
1,"57,00"
1,"4125,00"
1,"1001,00"
1,"188,00"
1,"205,00"
1,"118,00"
1,"1453,00"
1,"752,00"
1,"201,00"
1,"20,00"
1,0
1,13.00
1,13.00
1,5.00
1,0
1,0
1,7.00
1,0
1,"28,00"
1,"1530,00"
1,"1369,00"
1,"912,00"
1,"641,00"
1,"176,00"
1,"226,00"
1,"352,00"
1,"250,00"
1,"343,00"
1,"401,00"
1,"134,00"
1,"170,00"
1,"156,00"
1,"41,00"
1,"43,00"
1,"91,00"
1,"133,00"
1,"328,00"
1,0
1,0
1,"174,00"
1,"147,00"
1,"102,00"
1,"208,00"
1,"56,00"
1,"1037,00"
1,0
1,"1013,00"
1,"985,00"
1,"39,00"
1,"11,00"
1,"8,00"
1,"18,00"
1,4.00
1,0
1,0
1,0
1,0
1,"371,00"
1,"54,00"
1,"1,00"
1,"329,00"
1,0
1,"293,00"
1,0
1,"476,00"
1,"79,00"
1,42.00
1,0
1,"34,00"
1,0
1,0
1,0
1,"1,00"
1,"1183,00"
1,0
1,0
1,"343,00"
1,"1228,00"
1,0
1,"104,00"
1,"9,00"
1,"21,00"
1,"24,00"
1,"879,00"
1,"807,00"
1,"1044,00"
1,"712,00"
1,"565,00"
1,"229,00"
1,"503,00"
1,"290,00"
1,"739,00"
1,"982,00"
1,"863,00"
1,"2123,00"
1,"659,00"
1,"726,00"
1,"482,00"
1,"774,00"
1,"184,00"
1,"616,00"
1,0
1,0
1,0
1,"636,00"
1,0
1,0
1,"344,00"
1,0
1,"52,00"
1,"443,00"
1,"15,00"
1,"15,00"
1,0
1,0
1,7.00
1,"14,00"
1,0
1,0
1,0
1,0
1,0
1,"151,00"
1,42.00
1,0
1,"283,00"
1,"75,00"
1,"612,00"
1,"218,00"
1,"469,00"
1,"440,00"
1,"210,00"
1,"454,00"
1,0
1,"28,00"
1,"235,00"
1,"60,00"
1,"21,00"
1,10.00
1,0
1,0
1,0
1,0
1,0
1,0
1,0
1,0
1,"97,00"
1,"460,00"
1,0
1,"455,00"
1,"546,00"
1,0
1,"731,00"
1,0
1,0
1,0
1,"75,00"
1,0
1,0
1,13.00
1,0
1,0
1,"120,00"
1,"131,00"
1,"450,00"
1,0
1,"3,00"
1,0
1,"8,00"
1,0
1,4.00
1,0
1,"8,00"
1,0
1,0
1,7.00
1,0
1,0
1,"8,00"
1,"9,00"
1,"822,00"
1,"2312,00"
1,0
1,"485,00"
1,0
1,"159,00"
1,"343,00"
1,"186,00"
1,"245,00"
1,"471,00"
1,"239,00"
1,0
1,"1413,00"
1,"71,00"
1,46
1,"1161,00"
1,250
1,86
1,268
1,217
1,246
1,51
1,20
1,22
1,33
1,29
1,28
1,36
1,57
1,62
1,29
1,52
1,7
1,91
1,53
1,73
1,39
1,74
1,17
1,35
1,"806,00"
1,"108,00"
1,"216,00"
1,"1192,00"
1,"632,00"
1,"1296,00"
1,"517,00"
1,0
1,"204,00"
1,"881,00"
1,"175,00"
1,"315,00"
1,"212,00"
1,"535,00"
1,"155,00"
1,"225,00"
1,"81,00"
1,0
1,"286,00"
1,30
1,0
1,0
1,"1,00"
1,0
1,0
1,336
1,518
1,90
1,"25,00"
1,0
1,0
1,0
1,0
1,0
1,"3,00"
1,0
1,0
1,2.00
1,0
1,"54,00"
1,"602,00"
1,"424,00"
1,"418,00"
1,"534,00"
1,"589,00"
1,"371,00"
1,"442,00"
1,"518,00"
1,"486,00"
1,"162,00"
1,"111,00"
1,"967,00"
1,"391,00"
1,"430,00"
1,"150,00"
1,"365,00"
1,444
1,579
1,386
1,0
1,0
1,0
1,"837,00"
1,"35,00"
1,"343,00"
1,"445,00"
1,"138,00"
1,"136,00"
1,"15,00"
1,0
1,"252,00"
1,0
1,"291,00"
1,"295,00"
1,0
1,"261,00"
1,"176,00"
1,0
1,"350,00"
1,"160,00"
1,"53,00"
1,"649,00"
1,"59,00"
1,0
1,"3,00"
1,"9629,00"
1,"2799,00"
1,"2208,00"
1,"2486,00"
1,"2896,00"
1,"1829,00"
1,"439,00"
1,"1108,00"
1,"3748,00"
1,"2168,00"
1,"1246,00"
1,"1311,00"
1,"675,00"
1,"2152,00"
1,"2442,00"
1,"1654,00"
1,"540,00"
1,"644,00"
1,"1875,00"
1,"512,00"
1,"1372,00"
1,"825,00"
1,"1679,00"
1,"749,00"
1,"265,00"
1,"653,00"
1,"551,00"
1,"539,00"
1,"1804,00"
1,"4429,00"
1,"1397,00"
1,"643,00"
1,"423,00"
1,0
1,0
1,0
1,"41,00"
1,"415,00"
1,"613,00"
1,"981,00"
1,"67,00"
1,"1008,00"
1,"183,00"
1,0
1,"47,00"
1,"258,00"
1,"954,00"
1,"897,00"
1,"398,00"
1,"714,00"
1,"51,00"
1,"509,00"
1,"160,00"
1,"585,00"
1,"279,00"
1,"388,00"
1,"270,00"
1,0
1,"29,00"
1,"9,00"
1,"20,00"
1,0
1,10.00
1,0
1,10.00
1,"20,00"
1,0
1,"8,00"
1,0
1,"620,00"
1,"975,00"
1,"532,00"
1,0
1,0
1,"66,00"
1,"63,00"
1,"253,00"
1,"67,00"
1,0
1,"662,00"
1,0
1,0
1,0
1,"515,00"
1,0
1,0
1,0
1,0
1,0
1,"350,00"
1,0
1,"9,00"
1,"20,00"
1,0
1,0
1,0
1,"1,00"
1,0
1,0
1,"205,00"
1,0
1,0
1,0
1,"66,00"
1,"103,00"
1,0
1,"364,00"
1,7.00
1,"150,00"
1,"21,00"
1,0
1,0
1,"69,00"
1,0
1,"95,00"
1,0
1,0
1,"444,00"
1,"8,00"
1,"53,00"
1,"84,00"
1,"92,00"
1,"704,00"
1,"260,00"
1,"201,00"
1,0
1,0
1,0
1,0
1,0
1,0
1,0
1,0
1,0
1,0
1,0
1,0
1,0
1,"3,00"
1,0
1,0
1,0
1,7.00
1,"76,00"
1,"138,00"
1,"835,00"
1,0
1,"811,00"
1,"111,00"
1,"394,00"
1,"483,00"
1,"150,00"
1,"192,00"
1,"532,00"
1,"45,00"
1,"543,00"
1,"133,00"
1,"172,00"
1,"1280,00"
1,"785,00"
1,"847,00"
1,"149,00"
1,0
1,0
1,0
1,0
1,0
1,0
1,0
1,0
1,0
1,0
1,"111,00"
1,"105,00"
1,"20,00"
1,0
1,0
1,"64,00"
1,"28,00"
1,0
1,0
1,0
1,4.00
1,0
1,0
1,0
1,"1,00"
1,"819,00"
1,"2512,00"
1,"1480,00"
1,"411,00"
1,"551,00"
1,"306,00"
1,"192,00"
1,"107,00"
1,"354,00"
1,"283,00"
1,"201,00"
1,"91,00"
1,"21,00"
1,"375,00"
1,0
1,0
1,"1,00"
1,"3,00"
1,0
1,"277,00"
1,"218,00"
1,"85,00"
1,"125,00"
1,"518,00"
1,"506,00"
1,"635,00"
1,"534,00"
1,"262,00"
1,"955,00"
1,"261,00"
1,"152,00"
1,"246,00"
1,"424,00"
1,"105,00"
1,"101,00"
1,0
1,"126,00"
1,"462,00"
1,"60,00"
1,"138,00"
1,0
1,"63,00"
1,"50,00"
1,"195,00"
1,"14,00"
1,"31,00"
1,0
1,5.00
1,"74,00"
1,"39,00"
1,"11,00"
1,"306,00"
1,"318,00"
1,"318,00"
1,"140,00"
1,"220,00"
1,4.00
1,0
1,0
1,"20,00"
1,5.00
1,4.00
1,0
1,"8,00"
1,13.00
1,4.00
1,"16,00"
1,0
1,0
1,0
1,"1,00"
1,6.00
1,"9,00"
1,"26,00"
1,"1,00"
1,"1,00"
1,10.00
1,0
1,5.00
1,"8,00"
1,5.00
1,7.00
1,"3,00"
1,0
1,0
1,0
1,0
1,4.00
1,0
1,0
1,0
1,6.00
1,7.00
1,5.00
1,"25,00"
1,"1,00"
1,0
1,0
1,0
1,0
1,0
1,5.00
1,7.00
1,2.00
1,2.00
1,5.00
1,0
1,0
1,"1,00"
1,0
1,4.00
1,0
1,0
1,0
1,0
1,"24,00"
1,5.00
1,5.00
1,0
1,2.00
1,0
1,"33,00"
1,4.00
1,0
1,0
1,0
1,4.00
1,0
1,"134,00"
1,"844,00"
1,0
1,0
1,6.00
1,2.00
1,"88,00"
1,"84,00"
1,"3,00"
1,12.00
1,"250,00"
1,0
1,4.00
1,"1557,00"
1,"28,00"
1,0
1,"25,00"
1,4.00
1,0
1,"27,00"
1,0
1,0
1,"8,00"
1,"23,00"
1,"1,00"
1,"23,00"
1,"19,00"
1,"30,00"
1,"24,00"
1,"32,00"
1,0
1,"35,00"
1,0
1,"32,00"
1,13.00
1,"19,00"
1,"28,00"
1,"19,00"
1,0
1,"337,00"
1,"429,00"
1,"288,00"
1,"177,00"
1,"569,00"
1,"105,00"
1,"410,00"
1,"967,00"
1,0
1,0
1,"88,00"
1,"935,00"
1,"381,00"
1,0
1,"820,00"
1,0
1,0
1,0
1,"1547,00"
1,"50,00"
1,"146,00"
1,"340,00"
1,"78,00"
1,"530,00"
1,"809,00"
1,"72,00"
1,"210,00"
1,"380,00"
1,"74,00"
1,244
1,"243,00"
1,"51,00"
1,"535,00"
1,"5667,00"
1,"436,00"
1,"1299,00"
1,"1528,00"
1,"155,00"
1,0
1,0
1,4.00
1,2.00
1,0
1,"881,00"
1,"214,00"
1,0
1,"798,00"
1,19
1,"854,00"
1,0
1,0
1,"96,00"
1,"141,00"
1,0
1,2.00
1,"3,00"
1,"2626,00"
1,"1392,00"
1,"824,00"
1,1264
1,27
1,"125,00"
1,0
1,0
1,0
1,0
1,0
1,0
1,0
1,0
1,0
1,"8,00"
1,0
1,0
1,0
1,0
1,0
1,"232,00"
1,"334,00"
1,"101,00"
1,"747,00"
1,"93,00"
1,0
1,"43,00"
1,"9,00"
1,"3,00"
1,"3,00"
1,0
1,"8,00"
1,"324,00"
1,0
1,"98,00"
1,"222,00"
1,"344,00"
1,"481,00"
1,"355,00"
1,"493,00"
1,"286,00"
1,"188,00"
1,"116,00"
1,"465,00"
1,0
1,"144,00"
1,"143,00"
1,"82,00"
1,"49,00"
1,"71,00"
1,"8,00"
1,0
1,0
1,"54,00"
1,0
1,"27,00"
1,"71,00"
1,"39,00"
1,0
1,"156,00"
1,"116,00"
1,0
1,"445,00"
1,"670,00"
1,"183,00"
1,"92,00"
1,"1896,00"
1,6.00
1,"2043,00"
1,"919,00"
1,"257,00"
1,0
1,"623,00"
1,"499,00"
1,0
1,"513,00"
1,"445,00"
1,"394,00"
1,"377,00"
1,"1246,00"
1,"863,00"
1,"443,00"
1,"380,00"
1,"264,00"
1,0
1,0
1,"841,00"
1,"572,00"
1,"730,00"
1,"469,00"
1,"277,00"
1,"45,00"
1,0
1,"157,00"
1,"107,00"
1,6.00
1,0
1,0
1,10.00
1,2.00
1,"8,00"
1,10.00
1,0
1,13.00
1,5.00
1,"234,00"
1,"214,00"
1,0
1,0
1,0
1,0
1,"60,00"
1,0
1,"205,00"
1,"366,00"
1,"1990,00"
1,0
1,0
1,"813,00"
1,0
1,0
1,0
1,"596,00"
1,"519,00"
1,"216,00"
1,"75,00"
1,0
1,"3007,00"
1,"642,00"
1,"332,00"
1,"49,00"
1,0
1,"309,00"
1,"16,00"
1,0
1,2.00
1,0
1,0
1,0
1,0
1,12.00
1,4.00
1,"758,00"
1,0
1,0
1,0
1,0
1,0
1,0
1,0
1,0
1,0
1,7.00
1,"973,00"
1,"377,00"
1,"397,00"
1,0
1,0
1,0
1,42.00
1,"172,00"
1,"15,00"
1,"16,00"
1,0
1,6.00
1,"194,00"
1,0
1,0
1,0
1,"510,00"
1,0
1,"205,00"
1,"454,00"
1,"226,00"
1,"660,00"
1,"227,00"
1,"285,00"
1,"610,00"
1,"250,00"
1,"956,00"
1,"272,00"
1,"36,00"
1,"460,00"
1,"705,00"
1,"1077,00"
1,0
1,0
1,"20,00"
1,"224,00"
1,0
1,"672,00"
1,"215,00"
1,0
1,"398,00"
1,0
1,"1212,00"
1,"462,00"
1,188
1,"60,00"
1,0
1,"736,00"
1,0
1,"720,00"
1,"5117,00"
1,0
1,"120,00"
1,"2058,00"
1,"540,00"
1,"650,00"
1,"318,00"
1,0
1,"24,00"
1,0
1,"38,00"
1,0
1,"457,00"
1,"685,00"
1,"89,00"
1,0
1,0
1,"8,00"
1,5.00
1,"440,00"
1,0
1,"53,00"
1,"444,00"
1,"252,00"
1,0
1,0
1,0
1,"9,00"
1,"1,00"
1,10.00
1,0
1,0
1,"9,00"
1,0
1,"142,00"
1,"303,00"
1,"135,00"
1,42.00
1,0
1,"356,00"
1,0
1,"15,00"
1,"20,00"
1,0
1,4.00
1,0
1,10.00
1,"15,00"
1,0
1,10.00
1,0
1,0
1,5.00
1,"9,00"
1,"25,00"
1,"24,00"
1,"11,00"
1,0
1,0
1,0
1,0
1,"104,00"
1,0
1,0
1,"100,00"
1,"52,00"
1,"1010,00"
1,"1721,00"
1,"1394,00"
1,"470,00"
1,"539,00"
1,"254,00"
1,"52,00"
1,"531,00"
1,"257,00"
1,"94,00"
1,0
1,"122,00"
1,"217,00"
1,"354,00"
1,"167,00"
1,"438,00"
1,0
1,"770,00"
1,"299,00"
1,"62,00"
1,"197,00"
1,"185,00"
1,"112,00"
1,"88,00"
1,"455,00"
1,"983,00"
1,"672,00"
1,"522,00"
1,"238,00"
1,"618,00"
1,"505,00"
1,"176,00"
1,"905,00"
1,"441,00"
1,"139,00"
1,"508,00"
1,0
1,"3215,00"
1,"1282,00"
1,"713,00"
1,"293,00"
1,"652,00"
1,"256,00"
1,0
1,10.00
1,0
1,"8,00"
1,0
1,6.00
1,0
1,0
1,0
1,0
1,10.00
1,0
1,0
1,"15,00"
1,12.00
1,"3,00"
1,0
1,0
1,"1673,00"
1,"111,00"
1,"475,00"
1,"532,00"
1,"832,00"
1,"25,00"
1,"427,00"
1,"646,00"
1,2.00
1,"277,00"
1,"329,00"
1,"133,00"
1,13.00
1,"23,00"
1,"59,00"
1,"50,00"
1,"124,00"
1,"81,00"
1,"23,00"
1,"365,00"
1,0
1,0
1,"74,00"
1,0
1,0
1,10.00
1,10.00
1,"3,00"
1,0
1,"279,00"
1,"1610,00"
1,"773,00"
1,"812,00"
1,"374,00"
1,"481,00"
1,"183,00"
1,"769,00"
1,"723,00"
1,"302,00"
1,"335,00"
1,"1202,00"
1,"6572,00"
1,"782,00"
1,0
1,"1210,00"
1,"1853,00"
1,0
1,"303,00"
1,"265,00"
1,"2740,00"
1,"1656,00"
1,"275,00"
1,"789,00"
1,"131,00"
1,0
1,"426,00"
1,"378,00"
1,0
1,0
1,0
1,0
1,"425,00"
1,"648,00"
1,"1486,00"
1,"112,00"
1,0
1,"298,00"
1,"2280,00"
1,0
1,"1153,00"
1,"221,00"
1,"352,00"
1,"115,00"
1,"189,00"
1,"580,00"
1,"580,00"
1,"500,00"
1,"218,00"
1,"1432,00"
1,"1139,00"
1,"801,00"
1,"152,00"
1,"815,00"
1,"58,00"
1,"187,00"
1,"305,00"
1,"9,00"
1,5.00
1,"17,00"
1,"3,00"
1,"30,00"
1,"9,00"
1,13.00
1,0
1,1121
1,"167,00"
1,"119,00"
1,0
1,5.00
1,"121,00"
1,0
1,"18,00"
1,0
1,"347,00"
1,"971,00"
1,"1380,00"
1,"637,00"
1,0
1,"408,00"
1,"783,00"
1,0
1,"350,00"
1,0
1,"463,00"
1,"338,00"
1,"102,00"
1,2.00
1,"280,00"
1,0
1,"498,00"
1,"395,00"
1,"52,00"
1,0
1,"55,00"
1,"465,00"
1,2.00
1,0
1,"160,00"
1,"453,00"
1,"27,00"
1,"306,6"
1,"1680,00"
1,"42,83"
1,"250,6"
1,"374,2"
1,"441,56"
1,"350,56"
1,"130,82"
1,"295,6"
1,"95,2"
1,"91,2"
1,"85,08"
1,"99,72"
1,"42,4"
1,0
1,"26,8"
1,"24,12"
1,"32,72"
1,"22,4"
1,"15,32"
1,"2,96"
1,"22,64"
1,0
1,"1721,00"
1,"1895,00"
1,"2279,00"
1,"2894,00"
1,"245,00"
1,"2705,00"
1,"2496,00"
1,"605,00"
1,"1604,00"
1,"1379,00"
1,"1282,00"
1,"3108,00"
1,"1036,00"
1,"859,00"
1,"1830,00"
1,"1767,00"
1,"2379,00"
1,"794,00"
1,"204,00"
1,"145,00"
1,"23,00"
1,"341,00"
1,"1013,00"
1,"653,00"
1,"763,00"
1,"272,00"
1,"243,00"
1,"663,00"
1,"1084,00"
1,"558,00"
1,0
1,22
1,"63,1"
1,0
1,0
1,0
1,5.00
1,0
1,5.00
1,5.00
1,2.00
1,"14,00"
1,"15,00"
1,"16,00"
1,10.00
1,"20,00"
1,"15,00"
1,10.00
1,"3,00"
1,4.00
1,"11,00"
1,2.00
1,"3,00"
1,"3,00"
1,0
1,"8,00"
1,"23,00"
1,"15,00"
1,0
1,"350,00"
1,"670,00"
1,"775,00"
1,"184,00"
1,"108,00"
1,"416,00"
1,"594,00"
1,"379,00"
1,18
1,7.00
1,"405,4"
1,"575,00"
1,"1171,00"
1,"1127,00"
1,"922,00"
1,"676,00"
1,"122,4"
1,"746,00"
1,"627,00"
1,"1224,00"
1,"1198,00"
1,"384,00"
1,"210,00"
1,"296,00"
1,"1140,00"
1,"1116,00"
1,"1585,00"
1,"287,00"
1,"190,00"
1,"220,00"
1,"297,00"
1,"2420,00"
1,"419,00"
1,"889,00"
1,"939,00"
1,"365,00"
1,"246,00"
1,"443,00"
1,0
1,0
1,"707,00"
1,"247,00"
1,"740,00"
1,0
1,0
1,"256,00"
1,"26,00"
1,"389,00"
1,0
1,"547,00"
1,0
1,"1530,00"
1,"1160,00"
1,0
1,"787,00"
1,"573,00"
1,"597,00"
1,"203,00"
1,"99,00"
1,"24,00"
1,"37,00"
1,0
1,5.00
1,"80,00"
1,0
1,"19,00"
1,"20,00"
1,"28,00"
1,4.00
1,4.00
1,5.00
1,0
1,0
1,0
1,10.00
1,"1,00"
1,6.00
1,"3,00"
1,0
1,0
1,0
1,0
1,5.00
1,5.00
1,0
1,0
1,7.00
1,"11,00"
1,"14,00"
1,0
1,6.00
1,0
1,"3,00"
1,5.00
1,0
1,0
1,0
1,0
1,0
1,0
1,0
1,4.00
1,0
1,4.00
1,0
1,0
1,0
1,"483,00"
1,5.00
1,0
1,"18,00"
1,0
1,"1,00"
1,0
1,0
1,0
1,0
1,0
1,0
1,0
1,"20,00"
1,13.00
1,"3,00"
1,"149,00"
1,"28,00"
1,"180,00"
1,"643,00"
1,"305,00"
1,0
1,"83,00"
1,"164,00"
1,0
1,"21,00"
1,0
1,"81,00"
1,"463,00"
1,"1048,00"
1,"280,00"
1,"281,00"
1,"245,00"
1,"264,00"
1,0
1,"758,00"
1,"1023,00"
1,"601,00"
1,"291,00"
1,0
1,"464,00"
1,"617,00"
1,"218,00"
1,"15,00"
1,0
1,0
1,"581,00"
1,0
1,"642,00"
1,"592,00"
1,"454,00"
1,"709,00"
1,"969,00"
1,"333,00"
1,"323,00"
1,0
1,0
1,0
1,"1256,00"
1,"478,00"
1,0
1,"145,00"
1,0
1,"711,00"
1,"210,00"
1,"158,00"
1,"60,00"
1,0
1,"15,00"
1,0
1,"422,00"
1,"198,00"
1,"587,00"
1,"63,00"
1,"118,00"
1,"408,00"
1,"402,00"
1,"282,00"
1,"170,00"
1,"79,00"
1,"1261,00"
1,"595,00"
1,"878,00"
1,"506,00"
1,"179,00"
1,"19,00"
1,"174,00"
1,"569,00"
1,0
1,0
1,"57,00"
1,"598,00"
1,"396,00"
1,"820,00"
1,"556,00"
1,"415,00"
1,"306,00"
1,"435,00"
1,0
1,"891,00"
1,"28,00"
1,"28,00"
1,0
1,0
1,0
1,0
1,0
1,"98,00"
1,"124,00"
1,"80,00"
1,"196,00"
1,"339,00"
1,"223,00"
1,"121,00"
1,"44,00"
1,"117,00"
1,"377,00"
1,0
1,0
1,0
1,0
1,"364,00"
1,"366,00"
1,"615,00"
1,0
1,"30,00"
1,"702,00"
1,"428,00"
1,"269,00"
1,"361,00"
1,0
1,"9,00"
1,"167,00"
1,"176,00"
1,"142,00"
1,"96,00"
1,0
1,"5764,00"
1,"1023,00"
1,5.00
1,4.00
1,"64,00"
1,7.00
1,"197,00"
1,"331,00"
1,"82,00"
1,"159,00"
1,"320,00"
1,"343,00"
1,"862,00"
1,"471,00"
1,"384,00"
1,"824,00"
1,"548,00"
1,"1064,00"
1,"1521,00"
1,"38,00"
1,"14,00"
1,"51,00"
1,0
1,"1540,00"
1,"257,00"
1,"1560,00"
1,"1418,00"
1,"1935,00"
1,"870,00"
1,"1246,00"
1,"593,00"
1,0
1,0
1,"1023,00"
1,"1081,00"
1,"150,00"
1,"1500,00"
1,"534,00"
1,"2921,00"
1,"1663,00"
1,"537,00"
1,"718,00"
1,"229,00"
1,"764,00"
1,0
1,"1275,00"
1,"188,00"
1,"483,00"
1,"1239,00"
1,"1904,00"
1,"1840,00"
1,"872,00"
1,"403,00"
1,0
1,"1532,00"
1,"855,00"
1,"3061,00"
1,"3284,00"
1,0
1,0
1,"14,00"
1,"18,00"
1,0
1,"18,00"
1,"16,00"
1,4.00
1,0
1,0
1,"3,00"
1,0
1,"1,00"
1,0
1,4.00
1,0
1,0
1,"18,00"
1,"14,00"
1,"11,00"
1,13.00
1,"3,00"
1,"1,00"
1,0
1,5.00
1,5.00
1,5.00
1,0
1,"3,00"
1,"1078,00"
1,0
1,"105,00"
1,"127,00"
1,"739,00"
1,"491,00"
1,"176,00"
1,"39,00"
1,0
1,"368,00"
1,"653,00"
1,"1,00"
1,"499,00"
1,"395,00"
1,"503,00"
1,"124,00"
1,"1155,00"
1,"5647,00"
1,"299,00"
1,0
1,0
1,"131,00"
1,0
1,0
1,"817,00"
1,"22,00"
1,"34,00"
1,"38,00"
1,"257,00"
1,0
1,"37,00"
1,"30,00"
1,"17,00"
1,"11,00"
1,0
1,0
1,5.00
1,"17,00"
1,"8,00"
1,5.00
1,0
1,0
1,0
1,"3,00"
1,6.00
1,"3,00"
1,0
1,0
1,0
1,"8,00"
1,"1,00"
1,"9,00"
1,"1,00"
1,0
1,0
1,0
1,0
1,0
1,"3,00"
1,0
1,0
1,0
1,0
1,"269,00"
1,"44,00"
1,0
1,"177,00"
1,"887,00"
1,"1111,00"
1,"428,00"
1,"2866,00"
1,"59,00"
1,"175,00"
1,"349,00"
1,"1,00"
1,"494,00"
1,"615,00"
1,"1249,00"
1,"176,00"
1,"506,00"
1,0
1,"190,00"
1,"25,00"
1,"1,00"
1,"93,00"
1,"308,00"
1,"693,00"
1,"555,00"
1,"116,00"
1,"1141,00"
1,"104,00"
1,"726,00"
1,"575,00"
1,"764,00"
1,"538,00"
1,"669,00"
1,"449,00"
1,"244,00"
1,"365,00"
1,"414,00"
1,"336,00"
1,"157,00"
1,"420,00"
1,"74,00"
1,"786,00"
1,"301,00"
1,"798,00"
1,"619,00"
1,"357,00"
1,"153,00"
1,0
1,0
1,"1174,00"
1,"260,00"
1,"596,00"
1,"111,00"
1,"3,00"
1,12.00
1,0
1,0
1,"8,00"
1,"3,00"
1,"3,00"
1,4.00
1,0
1,"1,00"
1,"3,00"
1,2.00
1,"3,00"
1,"3,00"
1,"3,00"
1,0
1,"1,00"
1,0
1,0
1,2.00
1,"3,00"
1,0
1,"1,00"
1,"8,00"
1,2.00
1,2.00
1,2.00
1,2.00
1,0
1,0
1,0
1,0
1,0
1,2.00
1,"3,00"
1,6.00
1,5.00
1,5.00
1,2.00
1,"1,00"
1,"3,00"
1,2.00
1,4.00
1,"8,00"
1,0
1,2.00
1,"1,00"
1,0
1,0
1,0
1,"437,00"
1,0
1,"1837,00"
1,"191,16666666666666666666666667"
1,"22,00"
1,"233,00"
1,"179,00"
1,"90,00"
1,"275,00"
1,"81,00"
1,"240,00"
1,"312,00"
1,"451,00"
1,"250,00"
1,"463,00"
1,"43,00"
1,"218,00"
1,"103,00"
1,"143,00"
1,"115,00"
1,"172,00"
1,"171,00"
1,"221,00"
1,"280,00"
1,"203,00"
1,"4450,00"
1,"649,00"
1,0
1,0
1,"279,00"
1,"260,00"
1,"488,00"
1,"557,00"
1,"727,00"
1,"429,00"
1,"212,00"
1,"345,00"
1,"293,00"
1,"715,00"
1,"638,00"
1,"550,00"
1,"527,00"
1,0
1,"843,00"
1,0
1,0
1,"472,00"
1,0
1,"97,00"
1,"1683,00"
1,"1806,00"
1,0
1,"1222,00"
1,"1209,00"
1,0
1,"44,00"
1,"67,00"
1,0
1,"55,00"
1,"265,00"
1,"412,00"
1,10.00
1,"276,00"
1,"243,00"
1,"2480,00"
1,"2692,00"
1,"277,00"
1,"265,00"
1,"794,00"
1,"418,00"
1,"1637,00"
1,"1438,00"
1,0
1,"869,00"
1,"49,00"
1,"557,00"
1,"936,00"
1,0
1,"1200,00"
1,"452,00"
1,"737,00"
1,0
1,"95,00"
1,"602,00"
1,"530,00"
1,"943,00"
1,0
1,"33,00"
1,"318,00"
1,"247,00"
1,"340,00"
1,"67,00"
1,"395,00"
1,"43,00"
1,"24,00"
1,"38,00"
1,"77,00"
1,"38,00"
1,"61,00"
1,"69,00"
1,"34,00"
1,7.00
1,"54,00"
1,"2192,00"
1,"191,00"
1,"568,00"
1,"412,00"
1,"272,00"
1,"1418,00"
1,"1298,00"
1,"655,00"
1,"1217,00"
1,"862,00"
1,"902,00"
1,"965,00"
1,"486,00"
1,"490,00"
1,"84,00"
1,0
1,"2388,00"
1,"1426,00"
1,"2460,00"
1,"1239,00"
1,"1063,00"
1,"1446,00"
1,"1753,00"
1,"1205,00"
1,"1646,00"
1,"1577,00"
1,"1483,00"
1,"1072,00"
1,"1141,00"
1,"1136,00"
1,"1041,00"
1,"857,00"
1,"1555,00"
1,"1600,00"
1,"1197,00"
1,"1655,00"
1,"651,00"
1,0
1,"389,00"
1,"1964,00"
1,"1418,00"
1,"187,00"
1,12.00
1,"1,00"
1,"165,00"
1,"47,00"
1,0
1,1330
1,2236
1,1473
1,"675,00"
1,"1475,00"
1,0
1,"997,00"
1,"645,00"
1,"723,00"
1,0
1,0
1,"591,00"
1,"377,00"
1,"449,00"
1,"979,00"
1,"298,00"
1,"2887,00"
1,"2462,00"
1,"2071,00"
1,"236,00"
1,"1206,00"
1,0
1,5.00
1,"314,00"
1,"169,00"
1,"369,00"
1,"1034,00"
1,"1604,00"
1,"972,00"
1,"826,00"
1,"1909,00"
1,"3112,00"
1,0
1,"1683,00"
1,"243,00"
1,"626,00"
1,"47,00"
1,"232,00"
1,"297,00"
1,"269,00"
1,0
1,0
1,"488,00"
1,0
1,"1313,00"
1,"114,00"
1,"402,00"
1,6.00
1,6.00
1,10.00
1,10.00
1,10.00
1,0
1,0
1,10.00
1,0
1,5.00
1,0
1,"8,00"
1,"8,00"
1,10.00
1,"28,00"
1,"3,00"
1,5.00
1,0
1,10.00
1,"18,00"
1,"18,00"
1,"19,00"
1,"30,00"
1,2.00
1,5.00
1,5.00
1,5.00
1,5.00
1,10.00
1,5.00
1,4.00
1,0
1,4.00
1,10.00
1,5.00
1,10.00
1,"8,00"
1,"8,00"
1,"20,00"
1,0
1,10.00
1,"489,00"
1,"499,00"
1,0
1,0
1,"279,00"
1,"130,00"
1,0
1,0
1,0
1,"3,00"
1,2.00
1,5.00
1,"1,00"
1,0
1,7.00
1,"1,00"
1,0
1,"215,00"
1,"190,00"
1,"708,00"
1,"539,00"
1,"371,00"
1,"339,00"
1,"508,00"
1,"224,00"
1,"735,00"
1,"210,00"
1,"396,00"
1,"895,00"
1,"325,00"
1,"317,00"
1,"258,00"
1,"286,00"
1,0
1,0
1,"304,00"
1,0
1,"116,00"
1,"39,00"
1,"168,00"
1,"310,00"
1,"48,00"
1,"176,00"
1,"199,00"
1,"82,00"
1,"159,00"
1,"477,00"
1,"413,00"
1,"90,00"
1,"212,00"
1,2.00
1,"15,00"
1,"412,00"
1,"189,00"
1,"655,00"
1,"173,00"
1,"84,00"
1,"156,00"
1,"620,00"
1,"359,00"
1,"923,00"
1,"357,00"
1,"622,00"
1,"793,00"
1,"3177,00"
1,"979,00"
1,"1202,00"
1,"15,00"
1,"1107,00"
1,"1283,00"
1,"656,00"
1,"515,00"
1,"1620,00"
1,0
1,"1955,00"
1,"1202,00"
1,"1125,00"
1,"1496,00"
1,"396,00"
1,"2273,00"
1,"1192,00"
1,"443,00"
1,"578,00"
1,"253,00"
1,"907,00"
1,"725,00"
1,"242,00"
1,"1545,00"
1,"1653,00"
1,"999,00"
1,"1055,00"
1,"952,00"
1,"1034,00"
1,"511,00"
1,"173,00"
1,"1457,00"
1,"1556,00"
1,"638,00"
1,"580,00"
1,"239,00"
1,"251,00"
1,"973,00"
1,"915,00"
1,"2885,00"
1,"1186,00"
1,"510,00"
1,"534,00"
1,"308,00"
1,"562,00"
1,"517,00"
1,"150,00"
1,"1133,00"
1,"235,00"
1,"1484,00"
1,"1486,00"
1,"1475,00"
1,"500,00"
1,"284,00"
1,"1426,00"
1,"1144,00"
1,"828,00"
1,"1462,00"
1,"868,00"
1,"1483,00"
1,"1492,00"
1,"376,00"
1,"763,00"
1,"400,00"
1,"367,00"
1,"216,00"
1,"76,00"
1,"593,00"
1,"545,00"
1,"189,00"
1,"302,00"
1,"257,00"
1,"718,00"
1,"721,00"
1,"753,00"
1,"415,00"
1,"170,00"
1,"28,00"
1,"602,00"
1,"207,00"
1,0
1,"1350,00"
1,"1102,00"
1,"1540,00"
1,"903,00"
1,"2283,00"
1,"1598,00"
1,"991,00"
1,"1093,00"
1,"515,00"
1,"821,00"
1,"1226,00"
1,"626,00"
1,"1293,00"
1,"1667,00"
1,"1341,00"
1,"911,00"
1,"1941,00"
1,0
1,0
1,"537,00"
1,"162,00"
1,"385,00"
1,"317,00"
1,"172,00"
1,"2282,00"
1,"1935,00"
1,"34,00"
1,"572,00"
1,"1040,00"
1,"653,00"
1,0
1,0
1,5.00
1,6.00
1,0
1,0
1,2.00
1,0
1,"4907,00"
1,"4621,00"
1,"5902,00"
1,"2119,00"
1,"1050,00"
1,"1196,00"
1,"490,00"
1,"2711,00"
1,"1064,00"
1,"18,00"
1,"940,00"
1,"933,00"
1,"2495,00"
1,"198,00"
1,"349,00"
1,"108,00"
1,"384,00"
1,"341,00"
1,"518,00"
1,0
1,0
1,"746,00"
1,"177,00"
1,"108,00"
1,"966,00"
1,"1536,00"
1,0
1,"477,00"
1,2.00
1,2.00
1,2.00
1,"14,00"
1,2.00
1,2.00
1,6.00
1,"3,00"
1,"3,00"
1,4.00
1,2.00
1,2.00
1,"143,00"
1,"236,00"
1,"254,00"
1,"260,00"
1,"39,00"
1,"21,00"
1,"21,00"
1,"39,00"
1,"32,00"
1,"2480,00"
1,"1262,00"
1,"12285,00"
1,"462,00"
1,"2733,00"
1,"1010,00"
1,"823,00"
1,"761,00"
1,"1483,00"
1,"1595,00"
1,"892,00"
1,"65,00"
1,"11,00"
1,"18,00"
1,"997,00"
1,"365,00"
1,"2861,00"
1,"1237,00"
1,"119,00"
1,0
1,"1109,00"
1,"131,00"
1,"27,00"
1,"26,00"
1,"343,00"
1,"581,00"
1,"601,00"
1,"314,00"
1,"272,00"
1,"791,00"
1,"2305,00"
1,"2093,00"
1,"556,00"
1,"492,00"
1,0
1,"578,00"
1,"818,00"
1,"820,00"
1,"234,00"
1,"449,00"
1,"391,00"
1,"284,00"
1,"167,00"
1,"269,00"
1,"215,00"
1,"366,00"
1,"322,00"
1,"365,00"
1,"249,00"
1,"431,00"
1,"326,00"
1,"43,00"
1,"300,00"
1,"60,00"
1,"191,00"
1,0
1,"207,00"
1,"892,00"
1,386
1,0
1,0
1,"274,00"
1,0
1,"2491,00"
1,"3129,00"
1,"3587,00"
1,"1437,00"
1,"853,00"
1,"898,00"
1,0
1,0
1,0
1,0
1,0
1,0
1,0
1,0
1,0
1,0
1,0
1,"357,00"
1,12.00
1,0
1,4.00
1,4.00
1,"1,00"
1,"281,00"
1,"90,00"
1,0
1,"338,00"
1,"1718,00"
1,"385,00"
1,"942,00"
1,"627,00"
1,"1033,00"
1,"753,00"
1,"5088,00"
1,"2510,00"
1,"1347,00"
1,233
1,201
1,0
1,0
1,2.00
1,0
1,0
1,529
1,2833
1,0
1,3323
1,"933,00"
1,"1551,00"
1,"1,00"
1,"920,00"
1,"493,00"
1,0
1,"272,00"
1,"612,00"
1,"757,00"
1,"959,00"
1,"600,00"
1,10.00
1,"133,00"
1,"47,00"
1,"217,00"
1,"264,00"
1,"267,00"
1,"113,00"
1,"116,00"
1,12.00
1,"197,00"
1,"207,00"
1,"197,00"
1,4.00
1,0
1,2.00
1,"267,00"
1,0
1,"804,00"
1,"683,00"
1,0
1,"137,00"
1,"528,00"
1,"214,00"
1,"1560,00"
1,"49,00"
1,"1063,00"
1,"1134,00"
1,"1398,00"
1,"223,16666666666666666666666667"
1,159
1,288
1,456
1,341
1,"1066,3333333333333333333333333"
1,451
1,472
1,"311,91666666666666666666666667"
1,396
1,266
1,328
1,400
1,461
1,42
1,278
1,312
1,"100,33333333333333333333333333"
1,"429,00"
1,"271,00"
1,"654,00"
1,"857,00"
1,"2245,00"
1,0
1,0
1,"232,00"
1,0
1,0
1,0
1,0
1,0
1,0
1,0
1,0
1,0
1,0
1,0
1,0
1,"686,00"
1,"331,00"
1,"562,00"
1,"399,00"
1,"118,00"
1,0
1,0
1,6.00
1,"36,00"
1,0
1,0
1,0
1,0
1,0
1,"120,00"
1,0
1,2.00
1,"3844,00"
1,"172,00"
1,"2244,00"
1,"1033,00"
1,"292,00"
1,0
1,0
1,"626,00"
1,"296,00"
1,0
1,"904,00"
1,"311,00"
1,"309,00"
1,"636,00"
1,"351,00"
1,"469,00"
1,"1442,00"
1,"1245,00"
1,"806,00"
1,"699,00"
1,"837,00"
1,548
1,1212
1,"145,00"
1,"943,00"
1,"125,00"
1,"152,00"
1,0
1,190
1,199
1,"2711,00"
1,0
1,"82,00"
1,"94,00"
1,"221,00"
1,"232,00"
1,"112,00"
1,"97,00"
1,"145,00"
1,"182,00"
1,0
1,0
1,"353,00"
1,0
1,"279,00"
1,"468,00"
1,"244,00"
1,"239,00"
1,0
1,0
1,"3004,00"
1,"1047,00"
1,0
1,"2881,00"
1,"3261,00"
1,"3475,00"
1,"3741,00"
1,"3627,00"
1,227
1,211
1,816
1,335
1,120
1,221
1,284
1,235
1,190
1,218
1,589
1,119
1,42
1,287
1,131
1,185
1,144
1,115
1,171
1,148
1,62
1,149
1,161
1,81
1,154
1,126
1,196
1,691
1,64
1,40
1,35
1,2
1,47
1,19
1,"61,2"
1,65
1,62
1,49
1,85
1,"197,00"
1,"521,00"
1,"170,00"
1,"178,00"
1,"405,00"
1,"248,00"
1,"248,00"
1,"153,00"
1,"1310,00"
1,"1339,00"
1,"444,00"
1,"502,00"
1,"720,00"
1,"740,00"
1,"678,00"
1,"509,00"
1,"416,00"
1,"1160,00"
1,"335,00"
1,"271,00"
1,"622,00"
1,"657,00"
1,"325,00"
1,"765,00"
1,"359,00"
1,"116,00"
1,"174,00"
1,"256,00"
1,"1255,00"
1,"288,00"
1,"786,00"
1,"174,00"
1,"78,00"
1,"374,00"
1,"130,00"
1,"782,00"
1,0
1,"1096,00"
1,"879,00"
1,"2500,00"
1,0
1,"4924,00"
1,"2866,00"
1,"3311,00"
1,"635,5"
1,"519,00"
1,0
1,10.00
1,"32,00"
1,"87,00"
1,"203,00"
1,6.00
1,"116,00"
1,"576,00"
1,"932,00"
1,"70,00"
1,"2538,00"
1,"588,00"
1,"798,00"
1,"1640,00"
1,"716,00"
1,0
1,0
1,0
1,"916,00"
1,"659,00"
1,"256,00"
1,"151,00"
1,"140,00"
1,"221,00"
1,"826,00"
1,0
1,0
1,"117,00"
1,"68,00"
1,"119,00"
1,0
1,"41,00"
1,"121,00"
1,"342,00"
1,"413,00"
1,"554,00"
1,"607,00"
1,"101,66666666666666666666666667"
1,"84,16666666666666666666666667"
1,"93,00"
1,"401,00"
1,"37,00"
1,0
1,"38,00"
1,"776,00"
1,"90,00"
1,0
1,"604,00"
1,"50,00"
1,"142,00"
1,"290,00"
1,"58,00"
1,"299,00"
1,"127,00"
1,0
1,0
1,0
1,"576,00"
1,"555,00"
1,"346,00"
1,"194,00"
1,"113,00"
1,0
1,"240,00"
1,"389,00"
1,37
1,370
1,183
1,"171,1"
1,163
1,824
1,573
1,735
1,697
1,"616,4"
1,"779,8"
1,1156
1,983
1,0
1,0
1,0
1,0
1,"869,00"
1,"459,00"
1,"423,00"
1,"52,00"
1,"771,00"
1,"11,00"
1,"51,00"
1,"476,00"
1,"405,00"
1,"328,00"
1,0
1,0
1,"1354,00"
1,"1153,00"
1,"790,00"
1,"686,00"
1,"283,00"
1,"2018,00"
1,"242,00"
1,"72,00"
1,"805,00"
1,"31,00"
1,"45,00"
1,0
1,"1797,00"
1,"74,00"
1,"299,00"
1,0
1,2.00
1,"112,00"
1,"179,00"
1,"398,00"
1,"199,00"
1,"346,00"
1,"577,00"
1,"310,00"
1,"398,00"
1,"350,00"
1,"877,00"
1,"567,00"
1,"270,00"
1,"260,00"
1,"199,00"
1,"394,00"
1,0
1,"1,00"
1,0
1,"47,00"
1,"558,00"
1,"264,00"
1,"179,00"
1,"886,00"
1,0
1,0
1,"53,00"
1,"445,00"
1,"640,00"
1,"781,00"
1,0
1,"387,00"
1,"399,00"
1,"374,00"
1,"469,00"
1,"188,00"
1,0
1,"608,00"
1,0
1,"1826,00"
1,"2647,00"
1,"4540,00"
1,48
1,"486,00"
1,0
1,0
1,"1829,00"
1,"1679,00"
1,"1116,00"
1,"1017,00"
1,"356,00"
1,"905,00"
1,"737,00"
1,"1195,00"
1,"1389,00"
1,"322,8"
1,325
1,0
1,"446,9"
1,315
1,443
1,183
1,"486,9"
1,391
1,476
1,587
1,561
1,"473,00"
1,"1313,00"
1,"1080,00"
1,"1185,00"
1,"1181,00"
1,"372,00"
1,"435,00"
1,"487,00"
1,30
1,36
1,33
1,22
1,43
1,32
1,63
1,8
1,9
1,"122,9"
1,222
1,183
1,41
1,32
1,60
1,71
1,24
1,206
1,68
1,95
1,70
1,70
1,94
1,68
1,43
1,"477,00"
1,"68,00"
1,"265,00"
1,0
1,"514,00"
1,0
1,"212,00"
1,"87,00"
1,"249,00"
1,"181,00"
1,"1165,00"
1,90
1,86
1,93
1,"1066,00"
1,"164,00"
1,"195,00"
1,0
1,0
1,"1023,00"
1,"296,00"
1,"271,00"
1,"793,00"
1,"439,00"
1,"172,00"
1,"1737,00"
1,"1399,00"
1,0
1,"439,00"
1,"523,00"
1,0
1,"865,00"
1,"1570,00"
1,"1022,00"
1,"1035,00"
1,"1499,00"
1,"442,00"
1,"1610,00"
1,"1457,00"
1,"441,00"
1,"657,00"
1,"444,00"
1,0
1,"107,00"
1,"185,00"
1,"481,00"
1,"978,00"
1,"633,00"
1,"163,00"
1,0
1,0
1,"328,00"
1,"105,00"
1,"154,00"
1,"185,00"
1,"223,00"
1,"153,00"
1,"223,00"
1,"823,00"
1,"822,00"
1,"395,00"
1,"279,00"
1,"835,00"
1,"457,00"
1,"448,00"
1,"456,00"
1,"1315,00"
1,"1863,00"
1,"325,00"
1,"505,00"
1,"580,00"
1,"1022,00"
1,"1137,00"
1,"1570,00"
1,"529,00"
1,"484,00"
1,"505,00"
1,"466,00"
1,"462,00"
1,"504,00"
1,0
1,"562,00"
1,"985,00"
1,"706,00"
1,"81,00"
1,"338,00"
1,"349,00"
1,0
1,0
1,"587,00"
1,0
1,"973,00"
1,"864,00"
1,"1308,00"
1,"348,00"
1,"2459,00"
1,"485,00"
1,"451,00"
1,"490,00"
1,"398,00"
1,"318,00"
1,"1064,00"
1,0
1,"951,00"
1,"538,00"
1,"688,00"
1,"832,00"
1,"397,00"
1,"753,00"
1,505
1,493
1,"71,00"
1,"427,00"
1,"329,00"
1,0
1,0
1,"2233,00"
1,"1521,00"
1,"258,00"
1,"8,00"
1,0
1,"1741,00"
1,"208,00"
1,"555,00"
1,"552,00"
1,"820,00"
1,"266,00"
1,"556,00"
1,"720,00"
1,0
1,"565,00"
1,6.00
1,4.00
1,0
1,0
1,7.00
1,0
1,"3,00"
1,"830,00"
1,"9,00"
1,"52,00"
1,"357,00"
1,0
1,0
1,"364,00"
1,0
1,0
1,0
1,23
1,69
1,19
1,2
1,0
1,45
1,80
1,0
1,"525,00"
1,"425,00"
1,"259,00"
1,"69,00"
1,"978,00"
1,"425,00"
1,"220,00"
1,"1421,00"
1,"504,00"
1,"349,00"
1,"2721,00"
1,"2882,00"
1,"1642,00"
1,"2504,00"
1,"300,00"
1,"297,00"
1,0
1,0
1,0
1,0
1,0
1,0
1,"39,00"
1,"19,00"
1,"74,00"
1,"90,00"
1,"41,00"
1,0
1,0
1,"39,00"
1,"150,00"
1,"201,00"
1,"113,00"
1,"167,00"
1,"177,00"
1,"152,00"
1,"38,00"
1,"29,00"
1,"161,00"
1,"149,00"
1,"152,00"
1,"118,00"
1,"167,00"
1,"167,00"
1,"219,00"
1,"209,00"
1,"191,00"
1,"160,00"
1,"85,00"
1,"172,00"
1,"92,00"
1,"37,00"
1,"116,00"
1,"135,00"
1,"176,00"
1,"93,00"
1,"519,00"
1,"485,00"
1,"721,00"
1,"234,00"
1,"274,00"
1,"509,00"
1,"638,00"
1,"195,00"
1,"303,00"
1,"368,00"
1,"1129,00"
1,"178,00"
1,"525,00"
1,0
1,"170,00"
1,"58,00"
1,"383,00"
1,"291,00"
1,"334,00"
1,"428,00"
1,"777,00"
1,"202,00"
1,"602,00"
1,"353,00"
1,"410,00"
1,"200,00"
1,"610,00"
1,"812,00"
1,"691,00"
1,"440,00"
1,0
1,0
1,"433,00"
1,"741,00"
1,"138,00"
1,"771,00"
1,"401,00"
1,"1015,00"
1,"170,00"
1,4.00
1,"261,00"
1,0
1,"172,00"
1,"202,00"
1,"660,00"
1,"880,00"
1,"200,00"
1,5.00
1,"565,00"
1,0
1,0
1,0
1,0
1,"564,00"
1,"425,00"
1,"395,00"
1,"452,00"
1,0
1,0
1,"27,00"
1,0
1,"917,00"
1,"581,00"
1,"247,00"
1,"450,00"
1,0
1,"2042,00"
1,"2100,00"
1,"196,00"
1,"1668,00"
1,0
1,"748,00"
1,"325,00"
1,"334,00"
1,"218,00"
1,"88,00"
1,"785,00"
1,"1269,00"
1,"1651,00"
1,"1307,00"
1,"3,00"
1,0
1,"40,00"
1,0
1,"30,00"
1,"16,00"
1,"159,00"
1,"387,00"
1,"15,00"
1,"241,00"
1,"2758,00"
1,"2701,00"
1,"904,00"
1,"875,00"
1,"108,00"
1,"239,00"
1,0
1,0
1,0
1,"78,00"
1,0
1,"19,00"
1,0
1,10.00
1,"40,00"
1,"15,00"
1,"98,00"
1,0
1,0
1,"62,00"
1,"299,00"
1,"150,00"
1,"975,00"
1,"1606,00"
1,"1051,00"
1,"887,00"
1,"744,00"
1,"829,00"
1,"776,00"
1,"795,00"
1,"898,00"
1,"921,00"
1,"869,00"
1,0
1,"1065,00"
1,"1023,00"
1,"715,00"
1,"1068,00"
1,"978,00"
1,"1020,00"
1,"1770,00"
1,"733,00"
1,0
1,"184,00"
1,"721,00"
1,"53,00"
1,"34,00"
1,"208,00"
1,"161,00"
1,"149,00"
1,"94,00"
1,"168,00"
1,"123,00"
1,"115,00"
1,"67,00"
1,"134,00"
1,0
1,0
1,0
1,0
1,0
1,"91,00"
1,"95,00"
1,"97,00"
1,"299,00"
1,"3465,00"
1,"3236,00"
1,"1966,00"
1,"1354,00"
1,"1380,00"
1,"508,00"
1,"452,00"
1,"279,00"
1,"329,00"
1,"565,00"
1,"125,00"
1,"388,00"
1,0
1,"188,00"
1,"223,00"
1,0
1,0
1,0
1,0
1,"456,00"
1,"247,00"
1,"133,00"
1,"348,00"
1,"456,00"
1,"264,00"
1,0
1,"374,00"
1,"36,00"
1,"47,00"
1,0
1,0
1,"14,00"
1,"29,00"
1,"43,00"
1,0
1,"31,00"
1,"22,00"
1,"70,00"
1,"110,00"
1,"539,00"
1,0
1,0
1,0
1,0
1,0
1,"337,00"
1,0
1,"201,00"
1,"238,00"
1,"1128,00"
1,0
1,"674,00"
1,0
1,"288,00"
1,0
1,"2337,00"
1,"661,00"
1,"1229,00"
1,"5501,00"
1,"2436,00"
1,"3935,00"
1,"469,00"
1,"7277,00"
1,"528,00"
1,0
1,0
1,0
1,0
1,"119,00"
1,0
1,0
1,198
1,530
1,"77,5"
1,"27,00"
1,"72,00"
1,"59,00"
1,"19,00"
1,0
1,0
1,"9,00"
1,"9,00"
1,"8,00"
1,"8,00"
1,6.00
1,"1,00"
1,0
1,"1,00"
1,"1,00"
1,"1,00"
1,"1,00"
1,0
1,"1,00"
1,0
1,0
1,"1,00"
1,0
1,"1,00"
1,"1,00"
1,"1,00"
1,0
1,"1,00"
1,"1,00"
1,"1,00"
1,"1,00"
1,0
1,0
1,0
1,0
1,0
1,0
1,0
1,0
1,0
1,"1,00"
1,0
1,0
1,0
1,0
1,0
1,"1,00"
1,"1,00"
1,0
1,"33,00"
1,"320,00"
1,0
1,"934,00"
1,"1020,00"
1,"1630,00"
1,"1079,00"
1,"1133,00"
1,"630,00"
1,"281,00"
1,"579,00"
1,0
1,"2602,00"
1,"3506,00"
1,"1768,00"
1,"194,66666666666666666666666667"
1,"255,58333333333333333333333333"
1,292
1,191
1,"485,66666666666666666666666667"
1,"249,66666666666666666666666667"
1,"720,00"
1,"385,00"
1,"516,00"
1,"90,00"
1,"173,00"
1,0
1,0
1,"70,00"
1,"19,00"
1,"461,00"
1,"358,00"
1,"254,00"
1,"56,00"
1,"179,00"
1,"58,00"
1,"48,00"
1,5.00
1,"11,00"
1,"21,00"
1,"17,00"
1,"17,00"
1,"401,00"
1,"420,00"
1,"66,00"
1,"160,00"
1,"170,00"
1,"153,00"
1,"218,00"
1,"232,00"
1,"92,00"
1,"133,00"
1,"706,00"
1,"47,00"
1,0
1,"676,00"
1,0
1,0
1,0
1,"443,00"
1,42.00
1,"600,00"
1,"987,00"
1,"78,00"
1,"36,00"
1,"28,00"
1,0
1,"307,00"
1,"37,00"
1,"495,00"
1,0
1,0
1,"1682,00"
1,0
1,0
1,0
1,0
1,"291,00"
1,"26,00"
1,"1,00"
1,"76,00"
1,"78,00"
1,0
1,"50,00"
1,"134,00"
1,7.00
1,0
1,"9,00"
1,"38,00"
1,"70,00"
1,0
1,"23,00"
1,"68,00"
1,"9,00"
1,0
1,"3,00"
1,"100,00"
1,"164,00"
1,"75,00"
1,"107,00"
1,"178,00"
1,"61,00"
1,"20,00"
1,0
1,0
1,"109,00"
1,"193,4"
1,"2048,00"
1,"348,00"
1,0
1,"137,8"
1,0
1,"1079,00"
1,"82,00"
1,0
1,0
1,"534,00"
1,0
1,"1082,00"
1,"560,00"
1,"750,00"
1,"598,00"
1,0
1,0
1,0
1,0
1,"146,00"
1,"245,00"
1,0
1,0
1,0
1,"652,00"
1,"620,00"
1,"535,00"
1,"289,00"
1,"460,00"
1,"539,00"
1,"244,00"
1,"302,00"
1,0
1,"769,00"
1,"440,00"
1,"260,00"
1,"459,00"
1,0
1,0
1,0
1,0
1,"273,00"
1,"222,00"
1,"251,00"
1,"405,00"
1,0
1,0
1,0
1,"490,00"
1,"712,00"
1,"1176,00"
1,"1300,00"
1,0
1,"1626,00"
1,0
1,0
1,"476,00"
1,"631,00"
1,"524,00"
1,"789,00"
1,"52,00"
1,"82,00"
1,"1049,00"
1,0
1,0
1,"419,00"
1,"115,00"
1,0
1,"204,00"
1,"1610,00"
1,"303,00"
1,"37,00"
1,"801,00"
1,"929,00"
1,84
1,"365,00"
1,"310,00"
1,"221,00"
1,"160,00"
1,"157,00"
1,"214,00"
1,"1367,00"
1,"1675,00"
1,0
1,"808,00"
1,0
1,"1165,00"
1,"880,00"
1,0
1,0
1,"1988,00"
1,"602,00"
1,"276,00"
1,"788,00"
1,"860,00"
1,"54,00"
1,"373,00"
1,"62,00"
1,"530,00"
1,"93,00"
1,"172,00"
1,"264,00"
1,"1,00"
1,"1108,00"
1,"811,00"
1,"363,00"
1,"262,00"
1,"765,00"
1,"1034,00"
1,"527,00"
1,"470,00"
1,"41,00"
1,"327,00"
1,"492,00"
1,"278,00"
1,"730,00"
1,0
1,0
1,0
1,0
1,"206,00"
1,0
1,0
1,0
1,0
1,0
1,0
1,"3356,00"
1,"3447,00"
1,"63,00"
1,"170,00"
1,"61,00"
1,0
1,"53,00"
1,"29,00"
1,"44,00"
1,"31,00"
1,42.00
1,42.00
1,"39,00"
1,"565,00"
1,"278,00"
1,"532,00"
1,360
1,352
1,455
1,260
1,476
1,528
1,647
1,319
1,498
1,576
1,778
1,0
1,"272,00"
1,0
1,"279,00"
1,347
1,46
1,0
1,"642,00"
1,"625,00"
1,"265,00"
1,0
1,"122,00"
1,"51,00"
1,"162,00"
1,"252,00"
1,"162,00"
1,6.00
1,0
1,0
1,"8,00"
1,13.00
1,0
1,"21,00"
1,"1,00"
1,"3,00"
1,"81,00"
1,"339,00"
1,"41,00"
1,0
1,0
1,"24,00"
1,"21,00"
1,"21,00"
1,"381,00"
1,"525,00"
1,"395,00"
1,"483,00"
1,"321,00"
1,"235,00"
1,"312,00"
1,"191,00"
1,"389,00"
1,"451,00"
1,"241,00"
1,"375,00"
1,171
1,176
1,28
1,"259,00"
1,"1237,00"
1,"833,00"
1,12
1,0
1,13.00
1,91
1,0
1,"3,00"
1,0
1,0
1,0
1,"601,00"
1,"2568,00"
1,"4119,00"
1,"2266,00"
1,"1882,00"
1,"283,00"
1,"1414,00"
1,"2409,00"
1,"1219,00"
1,"788,00"
1,"9525,00"
1,"82,00"
1,0
1,0
1,0
1,0
1,0
1,"356,00"
1,"635,00"
1,"737,00"
1,"774,00"
1,"807,00"
1,0
1,"630,00"
1,"697,00"
1,"760,00"
1,"740,00"
1,"599,00"
1,191
1,0
1,"352,00"
1,"146,00"
1,0
1,558
1,263
1,277
1,1926
1,1608
1,1686
1,249
1,"149,77"
1,"58,59"
1,"466,5"
1,19
1,"497,00"
1,"1302,00"
1,"250,00"
1,"697,00"
1,"1361,00"
1,"973,00"
1,"1193,00"
1,"477,00"
1,0
1,0
1,0
1,0
1,0
1,0
1,"890,00"
1,8
1,1421
1,184
1,532
1,1617
1,338
1,91
1,100
1,476
1,884
1,340
1,964
1,249
1,187
1,249
1,263
1,519
1,363
1,800
1,169
1,122
1,236
1,262
1,239
1,339
1,188
1,"3686,00"
1,"752,00"
1,"509,00"
1,"1584,00"
1,"194,00"
1,"123,00"
1,"511,00"
1,"1317,00"
1,"804,00"
1,"1321,00"
1,"2056,00"
1,1680
1,788
1,712
1,575
1,799
1,"1503,00"
1,"279,00"
1,"862,00"
1,"417,00"
1,0
1,"306,00"
1,"241,00"
1,0
1,"2148,00"
1,0
1,"1002,00"
1,"802,00"
1,0
1,"340,00"
1,"279,00"
1,2.00
1,0
1,0
1,"1073,00"
1,"546,00"
1,"826,00"
1,"286,00"
1,"262,00"
1,"229,00"
1,"84,00"
1,"28,00"
1,"37,00"
1,"1,00"
1,"66,00"
1,"65,00"
1,"54,00"
1,"69,00"
1,0
1,0
1,0
1,"54,00"
1,0
1,"9,00"
1,"38,00"
1,"22,00"
1,0
1,"25,00"
1,"21,00"
1,"131,00"
1,"182,00"
1,"130,00"
1,"312,00"
1,"152,00"
1,0
1,0
1,"70,00"
1,"452,00"
1,"336,00"
1,"862,00"
1,"417,00"
1,"245,00"
1,"468,00"
1,"843,00"
1,"256,00"
1,"639,00"
1,"551,00"
1,"411,00"
1,"240,00"
1,"256,00"
1,"407,00"
1,"394,00"
1,"341,00"
1,"160,00"
1,"304,00"
1,"423,00"
1,"346,00"
1,"240,00"
1,"191,00"
1,62
1,110
1,107
1,73
1,72
1,83
1,148
1,145
1,75
1,54
1,0
1,0
1,0
1,0
1,0
1,0
1,"317,00"
1,"170,00"
1,"266,00"
1,0
1,0
1,"153,00"
1,"151,00"
1,"194,00"
1,"71,00"
1,"168,00"
1,"49,00"
1,"81,00"
1,"60,00"
1,"263,00"
1,"41,00"
1,"108,00"
1,"16,00"
1,"26,00"
1,"20,00"
1,"11,00"
1,0
1,0
1,0
1,0
1,0
1,"1733,00"
1,"1739,00"
1,"506,00"
1,"508,00"
1,"512,00"
1,"508,00"
1,"773,00"
1,"92,00"
1,"544,00"
1,"446,00"
1,"410,00"
1,80
1,"424,00"
1,81
1,"377,00"
1,58
1,"678,00"
1,"790,00"
1,"583,00"
1,"491,00"
1,"581,00"
1,"734,00"
1,0
1,130
1,"892,00"
1,108
1,"54,00"
1,150
1,"471,00"
1,64
1,"771,00"
1,56
1,0
1,112
1,"52,00"
1,137
1,0
1,65
1,0
1,0
1,"714,00"
1,49
1,"896,00"
1,47
1,"1420,00"
1,132
1,"666,00"
1,"762,00"
1,"210,00"
1,"130,00"
1,"258,00"
1,"691,00"
1,77
1,117
1,127
1,114
1,0
1,0
1,"31,95"
1,"27,00"
1,"125,75"
1,"92,75"
1,63
1,"60,75"
1,"28,00"
1,"29,00"
1,"23,00"
1,"29,00"
1,"27,00"
1,"29,00"
1,"28,00"
1,"29,00"
1,"28,00"
1,"29,00"
1,"29,00"
1,"29,00"
1,"28,00"
1,"28,00"
1,"29,00"
1,"25,00"
1,"875,00"
1,90
1,"567,00"
1,0
1,"38,00"
1,"25,00"
1,"18,00"
1,0
1,0
1,0
1,"1,00"
1,0
1,0
1,0
1,0
1,0
1,"35,00"
1,"145,00"
1,0
1,0
1,0
1,0
1,"161,00"
1,7.00
1,0
1,0
1,0
1,0
1,"502,00"
1,"757,00"
1,"50,00"
1,"301,00"
1,"384,00"
1,"760,00"
1,0
1,"473,00"
1,"332,00"
1,"253,00"
1,"144,00"
1,0
1,0
1,2143
1,"406,00"
1,0
1,0
1,0
1,"183,00"
1,0
1,0
1,133
1,"175,00"
1,"342,00"
1,"394,00"
1,"426,00"
1,"453,00"
1,"441,00"
1,"410,00"
1,"432,00"
1,"409,00"
1,"394,00"
1,"239,00"
1,"256,00"
1,"253,00"
1,"259,00"
1,"157,00"
1,"266,00"
1,"199,00"
1,0
1,0
1,"141,00"
1,0
1,0
1,0
1,0
1,"321,00"
1,"422,00"
1,"424,00"
1,"30,00"
1,0
1,0
1,0
1,0
1,0
1,0
1,"378,00"
1,"650,00"
1,"664,00"
1,"1407,00"
1,"1385,00"
1,"1379,00"
1,"1393,00"
1,10.00
1,10.00
1,0
1,"1,00"
1,"11,00"
1,10.00
1,10.00
1,0
1,4.00
1,5.00
1,0
1,"1929,00"
1,"851,00"
1,"719,00"
1,"1051,00"
1,"940,00"
1,"959,00"
1,"865,00"
1,"925,00"
1,"946,00"
1,"17,00"
1,"18,00"
1,"72,00"
1,0
1,"1818,00"
1,"341,00"
1,"18,00"
1,"16,00"
1,0
1,"35,00"
1,"151,00"
1,"1974,00"
1,"984,00"
1,0
1,0
1,0
1,0
1,0
