handle_id,product_name,sku,price,category_id,category_name,category_path,has_variants,notes
,Flange Preta Flexível 125 MM x M14 -[AG00324],,1.99,110009,Abrasive Accessories,Abrasive Materials\Accessories,Sim,
,Extensão Eléctrica 25Mts x 2.5mm Bobine [900338],,27.99,110010,Cables and Extensions,Tools for Electricians\Cables and Extensions,Sim,
,Extensão Eléctrica 3x1.5mm - Laranja ,,6.99,110010,Cables and Extensions,Tools for Electricians\Cables and Extensions,Sim,
,"Extensão Elétrica 25 mts x 2,5mm bobine em Metal",,33,110010,Cables and Extensions,Tools for Electricians\Cables and Extensions,Sim,
,Raspador Leiria sem cabo,,8,110010,Cables and Extensions,Tools for Electricians\Cables and Extensions,Sim,
,Pá Cabo de Madeira modelo Bufalo,,15.6,110010,Cables and Extensions,Tools for Electricians\Cables and Extensions,Sim,
,Cabo Metálico com Cunha p/ gadanha,,14,110010,Cables and Extensions,Tools for Electricians\Cables and Extensions,Sim,
,Cabo Metálico com Parafuso,,14.38,110010,Cables and Extensions,Tools for Electricians\Cables and Extensions,Sim,
,Machadinha Rola com cabo,,14,110010,Cables and Extensions,Tools for Electricians\Cables and Extensions,Sim,
,Machadinha Lisa com Cabo,,13.8,110010,Cables and Extensions,Tools for Electricians\Cables and Extensions,Sim,
,Machadinha Poda com Cabo ( + pequeno),,11.2,110010,Cables and Extensions,Tools for Electricians\Cables and Extensions,Sim,
,Forquilha com cabo metálico,,20.5,110010,Cables and Extensions,Tools for Electricians\Cables and Extensions,Sim,
,Forquilha com cabo madeira,,21,110010,Cables and Extensions,Tools for Electricians\Cables and Extensions,Sim,
,Sacho com Cabo,,4.85,110010,Cables and Extensions,Tools for Electricians\Cables and Extensions,Sim,
,Maço de borracha preta com cabo em madeira envernizada,,0.95,110010,Cables and Extensions,Tools for Electricians\Cables and Extensions,Sim,
,Maço de borracha branca com cabo em madeira envernizada,,2.1,110010,Cables and Extensions,Tools for Electricians\Cables and Extensions,Sim,
,Maço de borracha branca profissional com cabo em fibra de vidro,,2.75,110010,Cables and Extensions,Tools for Electricians\Cables and Extensions,Sim,
,Machadinha 600g profissional  com cabo em fibra de vidro,,5.99,110010,Cables and Extensions,Tools for Electricians\Cables and Extensions,Sim,
,Machado 1600g profissional com cabo em fibra de vidro,,11.5,110010,Cables and Extensions,Tools for Electricians\Cables and Extensions,Sim,
,Mini picareta 400g pá/bico com cabo em fibra de vidro,,3.99,110010,Cables and Extensions,Tools for Electricians\Cables and Extensions,Sim,
,Marreta Martelo de campo de 910mm com cabo em fibra de vidro,,14.99,110010,Cables and Extensions,Tools for Electricians\Cables and Extensions,Sim,
,Maceta 1kg cromada profissional com cabo em fibra de vidro,,5.99,110010,Cables and Extensions,Tools for Electricians\Cables and Extensions,Sim,
,Martelo de campo profissional com cabo em fibra de vidro,,5.99,110010,Cables and Extensions,Tools for Electricians\Cables and Extensions,Sim,
,Martelo  Maquinista profissional com cabo em fibra de vidro,,2.95,110010,Cables and Extensions,Tools for Electricians\Cables and Extensions,Sim,
,Faz tudo 600 Gr polido profissional com cabo em fibra de vidro,,5.99,110010,Cables and Extensions,Tools for Electricians\Cables and Extensions,Sim,
,Martelo cofragem 750g profissional com cabo fibra de vidro com cabeça magnética,,5.99,110010,Cables and Extensions,Tools for Electricians\Cables and Extensions,Sim,
,Martelo tipo americano profissional com cabo em fibra de vidro,,2.79,110010,Cables and Extensions,Tools for Electricians\Cables and Extensions,Sim,
,Martelo de bola profissional com cabo em fibra de vidro,,3.2,110010,Cables and Extensions,Tools for Electricians\Cables and Extensions,Sim,
,Martelo de cofragem 600g com cabo em fibra de vidro e cabeça magnética,,5.99,110010,Cables and Extensions,Tools for Electricians\Cables and Extensions,Sim,
,Cabo de fibra Grande Picareta / Marreta 910 mm,,5.49,110010,Cables and Extensions,Tools for Electricians\Cables and Extensions,Sim,
,Cabo de fibra - faz tudo / martelo / cofragem,,1.39,110010,Cables and Extensions,Tools for Electricians\Cables and Extensions,Sim,
,Picareta profissional sem cabo,,5.99,110010,Cables and Extensions,Tools for Electricians\Cables and Extensions,Sim,
,Carreto com cabo de aço 10mts -  450 kg,,17.99,110010,Cables and Extensions,Tools for Electricians\Cables and Extensions,Sim,
,Cabo de bateria 600A profissional - 4 metros,,10.99,110010,Cables and Extensions,Tools for Electricians\Cables and Extensions,Sim,
,"Cabo extensível para serrote de poda ""AR""",,3.99,110010,Cables and Extensions,Tools for Electricians\Cables and Extensions,Sim,
,Tesoura vindima profissional cabo borracha,,3.45,110010,Cables and Extensions,Tools for Electricians\Cables and Extensions,Sim,
,cabo de fibra para picareta - redondo,,5.5,110010,Cables and Extensions,Tools for Electricians\Cables and Extensions,Sim,
,Picareta profissional sem cabo,,5.99,110010,Cables and Extensions,Tools for Electricians\Cables and Extensions,Sim,
,Mini picareta pá & bico - Picadeira cabo de fibra,,5.55,110010,Cables and Extensions,Tools for Electricians\Cables and Extensions,Sim,
,Pás em Cabo Metal em Bico / Quadrada,,5.99,110010,Cables and Extensions,Tools for Electricians\Cables and Extensions,Sim,
,Pá metálica quadrada - cabo de madeira e punho ABS,,5.99,110010,Cables and Extensions,Tools for Electricians\Cables and Extensions,Sim,
,Pás de bico / Quadrada cabo Madeira,,5.99,110010,Cables and Extensions,Tools for Electricians\Cables and Extensions,Sim,
,Espátula de estucador dentada - cabo de borracha,,0,110010,Cables and Extensions,Tools for Electricians\Cables and Extensions,Sim,
,Expositor de aço para 7 bobines,,0,110010,Cables and Extensions,Tools for Electricians\Cables and Extensions,Sim,
,Cabo de aço inox,,55,110010,Cables and Extensions,Tools for Electricians\Cables and Extensions,Sim,
,Cabo de aço revestido a plástico,,23.5,110010,Cables and Extensions,Tools for Electricians\Cables and Extensions,Sim,
,Cabo de aço galvanizado,,17.89,110010,Cables and Extensions,Tools for Electricians\Cables and Extensions,Sim,
,Serra cabos em aço inox 3mm,,0.39,110010,Cables and Extensions,Tools for Electricians\Cables and Extensions,Sim,
,Serra cabos em aço galvanizado,,3.2,110010,Cables and Extensions,Tools for Electricians\Cables and Extensions,Sim,
,Escova arame de aço com cabo de plástico,,0.89,110010,Cables and Extensions,Tools for Electricians\Cables and Extensions,Sim,
,Disco Polimento com Velcro 125 MM x M14 [AG78901],,1.99,110007,Cutting Discs,Abrasive Materials\Cutting Discs,Sim,
,"Disco corte Madeira, Plst, Gesso Cartonado 125x22.2mm",,4.49,110007,Cutting Discs,Abrasive Materials\Cutting Discs,Sim,
,Disco diamantado Ceramica 115mm,,3.99,110007,Cutting Discs,Abrasive Materials\Cutting Discs,Sim,
,Disco diamantado - especial Madeira 115mm,,4.5,110007,Cutting Discs,Abrasive Materials\Cutting Discs,Sim,
,Disco segmentado profissional multiusos,,1.79,110007,Cutting Discs,Abrasive Materials\Cutting Discs,Sim,
,Disco diamantado cerâmica extra retificadora / rebarbadora,,4.25,110007,Cutting Discs,Abrasive Materials\Cutting Discs,Sim,
,Disco diamantado turbo para retificadora / rebarbadora,,1.39,110007,Cutting Discs,Abrasive Materials\Cutting Discs,Sim,
,Disco de 2 pontas curvas para roçadora - corte de silvas,,2.99,110007,Cutting Discs,Abrasive Materials\Cutting Discs,Sim,
,Disco pastilhado para roçadora - corte de mato,,2.99,110007,Cutting Discs,Abrasive Materials\Cutting Discs,Sim,
,Disco de corte para madeira 140x20x24T,,1.99,110007,Cutting Discs,Abrasive Materials\Cutting Discs,Sim,
,Disco de corte para madeira 40 dentes,,0,110007,Cutting Discs,Abrasive Materials\Cutting Discs,Sim,
,Disco de corte para madeira 30 dentes,,0,110007,Cutting Discs,Abrasive Materials\Cutting Discs,Sim,
,Disco corte madeira 230x30x24T,,3.79,110007,Cutting Discs,Abrasive Materials\Cutting Discs,Sim,
,Disco para máquina de cortar azulejo,,0,110007,Cutting Discs,Abrasive Materials\Cutting Discs,Sim,
,Laminas pretas SK5 -18mm [10pcs] para Xizato -[890088/2],,1.6,110011,Cutting Tools,Tools for The Workshop and Garage\Cutting Tools,Sim,
,Faca de alcatifa Profissional  5 Laminas Autoload,,4.77,110011,Cutting Tools,Tools for The Workshop and Garage\Cutting Tools,Sim,
,Lamina para Xizato 9mm,,0.29,110011,Cutting Tools,Tools for The Workshop and Garage\Cutting Tools,Sim,
,Xizato  Lâmina Preta 18MM em Blister,,1.1,110011,Cutting Tools,Tools for The Workshop and Garage\Cutting Tools,Sim,
,Lâminas para Xizato de 18mm,,0.69,110011,Cutting Tools,Tools for The Workshop and Garage\Cutting Tools,Sim,
,Xizato com travão 18mm SK2,,0.99,110011,Cutting Tools,Tools for The Workshop and Garage\Cutting Tools,Sim,
,Xizato autoload com 3 laminas Blst + cx expositora ,,1.79,110011,Cutting Tools,Tools for The Workshop and Garage\Cutting Tools,Sim,
,Cintas de Elevação Plana Dupla- CERTIFICADO ,,2.89,110012,General Tools,Tools for The Workshop and Garage\General Tools,Sim,
,Maçarico Metalico com isqueiro 190 Gr,,13.49,110012,General Tools,Tools for The Workshop and Garage\General Tools,Sim,
,Máscara de Soldador AUTOMATIC [AK00291],,14.99,110012,General Tools,Tools for The Workshop and Garage\General Tools,Sim,
,Pistola de Selicone com Lâmina [AG00650],,1.99,110012,General Tools,Tools for The Workshop and Garage\General Tools,Sim,
,Projector LED - 6500K,,5.5,110012,General Tools,Tools for The Workshop and Garage\General Tools,Sim,
,Kit 4 pcs para Mangueira Rega [Borracha],,1.99,110012,General Tools,Tools for The Workshop and Garage\General Tools,Sim,
,União Mangueira Rega Plástico ,,0.56,110012,General Tools,Tools for The Workshop and Garage\General Tools,Sim,
,Tomada Rápida  para Mangueira Rega,,0.6,110012,General Tools,Tools for The Workshop and Garage\General Tools,Sim,
,Adaptor de torneira para Mangueira Rega,,0.33,110012,General Tools,Tools for The Workshop and Garage\General Tools,Sim,
,ÓCULOS de Proteção Pretos,,1.1,110012,General Tools,Tools for The Workshop and Garage\General Tools,Sim,
,Escova de Arame Galvanizado para Roçadora,,5.75,110012,General Tools,Tools for The Workshop and Garage\General Tools,Sim,
,Escova de Nylon para Roçadora 200x25.4mm para Limpeza Superficies,,9.35,110012,General Tools,Tools for The Workshop and Garage\General Tools,Sim,
,Pistola para Espuma PU ,,5.5,110012,General Tools,Tools for The Workshop and Garage\General Tools,Sim,
,Broca cónica escalonada HSS - TITANIO,,3,110012,General Tools,Tools for The Workshop and Garage\General Tools,Sim,
,Pulverizador 2L PRO,,3.49,110012,General Tools,Tools for The Workshop and Garage\General Tools,Sim,
,Pulverizador manual 5 L - PRO,,9.99,110012,General Tools,Tools for The Workshop and Garage\General Tools,Sim,
,Cinto Pedreiro com 11 Bolsas para Ferramentas ,,3.99,110012,General Tools,Tools for The Workshop and Garage\General Tools,Sim,
,"Turques de carpinteiro 8"" / 200mm ",,3.5,110012,General Tools,Tools for The Workshop and Garage\General Tools,Sim,
,Misturador 120x600 Arga Massa c/ paraf. M14,,6.99,110012,General Tools,Tools for The Workshop and Garage\General Tools,Sim,
,Escova Latonada 4 filas com raspador ,,1.15,110012,General Tools,Tools for The Workshop and Garage\General Tools,Sim,
,Escopro com protecção 7cms [300×16mm],,3.5,110012,General Tools,Tools for The Workshop and Garage\General Tools,Sim,
,Suporte para  Mangueira em Plástico Verde,,1.99,110012,General Tools,Tools for The Workshop and Garage\General Tools,Sim,
,Marcador 4 cores Tinta Permanente em Blister ,,2.58,110012,General Tools,Tools for The Workshop and Garage\General Tools,Sim,
,Marcador Preto Tinta Permanente BLST 5pcs,,1.49,110012,General Tools,Tools for The Workshop and Garage\General Tools,Sim,
,Esticador Elástico com Gancho 12x1500mm conj. 2pcs,,2.35,110012,General Tools,Tools for The Workshop and Garage\General Tools,Sim,
,Correia de aperto com Tensor [vários Tamanhos],,2.62,110012,General Tools,Tools for The Workshop and Garage\General Tools,Sim,
,X- acto com Lâmina 9mm,,0.39,110012,General Tools,Tools for The Workshop and Garage\General Tools,Sim,
,Máscara de soldador com pega ECO,,2.5,110012,General Tools,Tools for The Workshop and Garage\General Tools,Sim,
,Lápis Carpinteiro Oval 180mm HB,,0.16,110012,General Tools,Tools for The Workshop and Garage\General Tools,Sim,
,Pás Dobrável CAMPING - 4 em 1 com Bolsa,,2.99,110012,General Tools,Tools for The Workshop and Garage\General Tools,Sim,
,Calça trabalho com bolsos laterais 260gr,,14.99,110012,General Tools,Tools for The Workshop and Garage\General Tools,Sim,
,Bota proteção EXENA Sardegna  S3 em Pele PRO,,27.5,110012,General Tools,Tools for The Workshop and Garage\General Tools,Sim,
,Sapatilha ténis Ancla S1P NO METAL,,20.99,110012,General Tools,Tools for The Workshop and Garage\General Tools,Sim,
,Óculo de proteção [ para sobreposição de óculos],,1.95,110012,General Tools,Tools for The Workshop and Garage\General Tools,Sim,
,Óculo de Proteção Prof. Pretos,,1.99,110012,General Tools,Tools for The Workshop and Garage\General Tools,Sim,
,Óculo de proteção Prof. Transparente ,,1.99,110012,General Tools,Tools for The Workshop and Garage\General Tools,Sim,
,Sapato Camurça S1P NO METAL,,17.99,110012,General Tools,Tools for The Workshop and Garage\General Tools,Sim,
,"Serrote para Pladur 6"" Profissional ",,2.99,110012,General Tools,Tools for The Workshop and Garage\General Tools,Sim,
,"Serrote prof. cortar Ferro 12"" - 300 MM ",,3.99,110012,General Tools,Tools for The Workshop and Garage\General Tools,Sim,
,Esticador Olhal / Olhal 5x70mm - 25pcs,,9.99,110012,General Tools,Tools for The Workshop and Garage\General Tools,Sim,
,Maquina de fazer Estribos com Rolamentos,,75,110012,General Tools,Tools for The Workshop and Garage\General Tools,Sim,
,Chave de virar ferro,,6.35,110012,General Tools,Tools for The Workshop and Garage\General Tools,Sim,
,Alavanca e Desmontador,,32.5,110012,General Tools,Tools for The Workshop and Garage\General Tools,Sim,
,Pé de Cabra,,10.1,110012,General Tools,Tools for The Workshop and Garage\General Tools,Sim,
,Escacilhadeira Pedra 6cms,,16.2,110012,General Tools,Tools for The Workshop and Garage\General Tools,Sim,
,Guilho (abrir a pedra),,6.8,110012,General Tools,Tools for The Workshop and Garage\General Tools,Sim,
,Ponteiro / Escopro,,5.25,110012,General Tools,Tools for The Workshop and Garage\General Tools,Sim,
,Chaviete Temperado,,3,110012,General Tools,Tools for The Workshop and Garage\General Tools,Sim,
,Pica Solda,,11.3,110012,General Tools,Tools for The Workshop and Garage\General Tools,Sim,
,Martelo Fazer Calçada,,16.15,110012,General Tools,Tools for The Workshop and Garage\General Tools,Sim,
,Martelo Faz Tudo,,11.2,110012,General Tools,Tools for The Workshop and Garage\General Tools,Sim,
,Martelo Calceteira,,13.4,110012,General Tools,Tools for The Workshop and Garage\General Tools,Sim,
,Martelo Calceteiro,,13.4,110012,General Tools,Tools for The Workshop and Garage\General Tools,Sim,
,Marreta Campo,,9.2,110012,General Tools,Tools for The Workshop and Garage\General Tools,Sim,
,Marreta  /  Martelo Campo,,7.8,110012,General Tools,Tools for The Workshop and Garage\General Tools,Sim,
,Arrelhada Vinha,,11.05,110012,General Tools,Tools for The Workshop and Garage\General Tools,Sim,
,Arrelhada Marisco,,9.7,110012,General Tools,Tools for The Workshop and Garage\General Tools,Sim,
,Escavadeira Tubo,,34.1,110012,General Tools,Tools for The Workshop and Garage\General Tools,Sim,
,Escavadeira Tenaz,,32.6,110012,General Tools,Tools for The Workshop and Garage\General Tools,Sim,
,Trado Vinha,,16.7,110012,General Tools,Tools for The Workshop and Garage\General Tools,Sim,
,Bate Estacas,,38,110012,General Tools,Tools for The Workshop and Garage\General Tools,Sim,
,Pá Corta Raízes,,16.2,110012,General Tools,Tools for The Workshop and Garage\General Tools,Sim,
,Pá de Jardim,,16.2,110012,General Tools,Tools for The Workshop and Garage\General Tools,Sim,
,Pá Valar,,15.1,110012,General Tools,Tools for The Workshop and Garage\General Tools,Sim,
,Pá Francesa,,18,110012,General Tools,Tools for The Workshop and Garage\General Tools,Sim,
,Safra,,14.75,110012,General Tools,Tools for The Workshop and Garage\General Tools,Sim,
,Gadanha Mato 2 Cortes,,26.1,110012,General Tools,Tools for The Workshop and Garage\General Tools,Sim,
,Gadanha Mato,,25.6,110012,General Tools,Tools for The Workshop and Garage\General Tools,Sim,
,Enxó,,24.2,110012,General Tools,Tools for The Workshop and Garage\General Tools,Sim,
,Catana,,11.1,110012,General Tools,Tools for The Workshop and Garage\General Tools,Sim,
,Podão Vinha,,12.99,110012,General Tools,Tools for The Workshop and Garage\General Tools,Sim,
,Podão para Banana,,8.4,110012,General Tools,Tools for The Workshop and Garage\General Tools,Sim,
,Podão Poda Horticolas,,8.4,110012,General Tools,Tools for The Workshop and Garage\General Tools,Sim,
,Podão Leiria Aberto,,13.4,110012,General Tools,Tools for The Workshop and Garage\General Tools,Sim,
,Podão Leiria 2 Cortes,,11.8,110012,General Tools,Tools for The Workshop and Garage\General Tools,Sim,
,Foice Mira,,12.4,110012,General Tools,Tools for The Workshop and Garage\General Tools,Sim,
,Foice Barreiro,,9.7,110012,General Tools,Tools for The Workshop and Garage\General Tools,Sim,
,Foice Leiria com Peta,,12.4,110012,General Tools,Tools for The Workshop and Garage\General Tools,Sim,
,Foice Meia lua com Galho,,13.4,110012,General Tools,Tools for The Workshop and Garage\General Tools,Sim,
,Foice Meia lua,,12.3,110012,General Tools,Tools for The Workshop and Garage\General Tools,Sim,
,Foice Limpa Caldas,,13.2,110012,General Tools,Tools for The Workshop and Garage\General Tools,Sim,
,Foice Douro Limpa,,11.85,110012,General Tools,Tools for The Workshop and Garage\General Tools,Sim,
,Foice Douro,,10.4,110012,General Tools,Tools for The Workshop and Garage\General Tools,Sim,
,Cunha para Lenha,,6.4,110012,General Tools,Tools for The Workshop and Garage\General Tools,Sim,
,Machadão Lenha N°3,,27,110012,General Tools,Tools for The Workshop and Garage\General Tools,Sim,
,Machado Cortiça,,35.6,110012,General Tools,Tools for The Workshop and Garage\General Tools,Sim,
,Machado N°3,,16,110012,General Tools,Tools for The Workshop and Garage\General Tools,Sim,
,Machado Sul,,22,110012,General Tools,Tools for The Workshop and Garage\General Tools,Sim,
,Machadinha Rola,,12.4,110012,General Tools,Tools for The Workshop and Garage\General Tools,Sim,
,Machadinha Falca,,11.9,110012,General Tools,Tools for The Workshop and Garage\General Tools,Sim,
,Machadinha Limpeza,,11.9,110012,General Tools,Tools for The Workshop and Garage\General Tools,Sim,
,Machadinha com Unhas,,17.4,110012,General Tools,Tools for The Workshop and Garage\General Tools,Sim,
,Machadinha com Martelo,,14.9,110012,General Tools,Tools for The Workshop and Garage\General Tools,Sim,
,Colete Multibolsos ,,8.99,110012,General Tools,Tools for The Workshop and Garage\General Tools,Sim,
,T - Shirt 155 grs - todas as cores,,1.99,110012,General Tools,Tools for The Workshop and Garage\General Tools,Sim,
,Sapato pele preta S1P biqueira e palmilha em Aço ,,13.99,110012,General Tools,Tools for The Workshop and Garage\General Tools,Sim,
,Sapato de Camurça S1P biqueira e Palmilha em Aço ,,14.75,110012,General Tools,Tools for The Workshop and Garage\General Tools,Sim,
,Alvião Poda,,10.2,110012,General Tools,Tools for The Workshop and Garage\General Tools,Sim,
,Gancho / Forquilha Francesa 4 dentes,,21.6,110012,General Tools,Tools for The Workshop and Garage\General Tools,Sim,
,Forquilha olho redondo,,16.7,110012,General Tools,Tools for The Workshop and Garage\General Tools,Sim,
,Forquilha curva mini- dente torneado,,11.6,110012,General Tools,Tools for The Workshop and Garage\General Tools,Sim,
,Forquilha curva,,16.7,110012,General Tools,Tools for The Workshop and Garage\General Tools,Sim,
,Lança metálica + punho para Pulverizador 5 / 8 Lts,,0.99,110012,General Tools,Tools for The Workshop and Garage\General Tools,Sim,
,Forquilha direita mini (Dente Torneado),,11.6,110012,General Tools,Tools for The Workshop and Garage\General Tools,Sim,
,Forquilha direita pequena,,16.4,110012,General Tools,Tools for The Workshop and Garage\General Tools,Sim,
,Forquilha direita,,11.7,110012,General Tools,Tools for The Workshop and Garage\General Tools,Sim,
,Ancinho de berbigão,,20.7,110012,General Tools,Tools for The Workshop and Garage\General Tools,Sim,
,Gadanho  Uvas,,11.8,110012,General Tools,Tools for The Workshop and Garage\General Tools,Sim,
,Ancinho Alenquer ,,13.2,110012,General Tools,Tools for The Workshop and Garage\General Tools,Sim,
,Ancinho Leiria,,13.2,110012,General Tools,Tools for The Workshop and Garage\General Tools,Sim,
,Ancinho Ferreiro,,10.3,110012,General Tools,Tools for The Workshop and Garage\General Tools,Sim,
,Ancinho Madeira Dente de Prego,,5,110012,General Tools,Tools for The Workshop and Garage\General Tools,Sim,
,Ancinho para Batata,,12,110012,General Tools,Tools for The Workshop and Garage\General Tools,Sim,
,Ancinho,,6.8,110012,General Tools,Tools for The Workshop and Garage\General Tools,Sim,
,Gancho Cavar Leiria,,14,110012,General Tools,Tools for The Workshop and Garage\General Tools,Sim,
,Gancho Coração,,11.1,110012,General Tools,Tools for The Workshop and Garage\General Tools,Sim,
,Gancho Dentes Redondo,,14.8,110012,General Tools,Tools for The Workshop and Garage\General Tools,Sim,
,Arado Mão,,11.9,110012,General Tools,Tools for The Workshop and Garage\General Tools,Sim,
,Raspador de Batatas,,10.5,110012,General Tools,Tools for The Workshop and Garage\General Tools,Sim,
,Sacho Monda,,6.9,110012,General Tools,Tools for The Workshop and Garage\General Tools,Sim,
,Sacho Coração,,9.15,110012,General Tools,Tools for The Workshop and Garage\General Tools,Sim,
,Sacho Vimeiro,,7.25,110012,General Tools,Tools for The Workshop and Garage\General Tools,Sim,
,Extintor Pó Quimico ABC,,24,110012,General Tools,Tools for The Workshop and Garage\General Tools,Sim,
,Extintor CO2,,44,110012,General Tools,Tools for The Workshop and Garage\General Tools,Sim,
,Pulverizador 2 Lts,,2.69,110012,General Tools,Tools for The Workshop and Garage\General Tools,Sim,
,Maço de Madeira,,5.99,110012,General Tools,Tools for The Workshop and Garage\General Tools,Sim,
,Ancinho Madeira Dente Prego,,4.99,110012,General Tools,Tools for The Workshop and Garage\General Tools,Sim,
,Pião,,2,110012,General Tools,Tools for The Workshop and Garage\General Tools,Sim,
,Rodo Madeira,,2.38,110012,General Tools,Tools for The Workshop and Garage\General Tools,Sim,
,Crivo,,9,110012,General Tools,Tools for The Workshop and Garage\General Tools,Sim,
,Peneira,,3.8,110012,General Tools,Tools for The Workshop and Garage\General Tools,Sim,
,Máscara Protecção FFP2 c/ valvula ,,0.5,110012,General Tools,Tools for The Workshop and Garage\General Tools,Sim,
,Sacho Alce Nº1,,7.95,110012,General Tools,Tools for The Workshop and Garage\General Tools,Sim,
,Sacho Alce Nº0,,7.7,110012,General Tools,Tools for The Workshop and Garage\General Tools,Sim,
,Sacho Viseu Nº0,,7.95,110012,General Tools,Tools for The Workshop and Garage\General Tools,Sim,
,Sacho Viseu Nº2/0,,7.8,110012,General Tools,Tools for The Workshop and Garage\General Tools,Sim,
,Sacho Feijão,,6.7,110012,General Tools,Tools for The Workshop and Garage\General Tools,Sim,
,Sacho de Plantação,,9.45,110012,General Tools,Tools for The Workshop and Garage\General Tools,Sim,
,Sacho de Jardim,,5.3,110012,General Tools,Tools for The Workshop and Garage\General Tools,Sim,
,Pescasses,,0.63,110012,General Tools,Tools for The Workshop and Garage\General Tools,Sim,
,Cunhas para Enxadas,,0.63,110012,General Tools,Tools for The Workshop and Garage\General Tools,Sim,
,Enxada de Bico Turquel,,16.25,110012,General Tools,Tools for The Workshop and Garage\General Tools,Sim,
,Enxada Pontas Meia Redonda Turquel,,18.65,110012,General Tools,Tools for The Workshop and Garage\General Tools,Sim,
,Enxada Pontas RedondasTurquel,,18.65,110012,General Tools,Tools for The Workshop and Garage\General Tools,Sim,
,Enxada Pontas Bico Turquel,,18.65,110012,General Tools,Tools for The Workshop and Garage\General Tools,Sim,
,Enxada Pontas Faca Turquel,,18.65,110012,General Tools,Tools for The Workshop and Garage\General Tools,Sim,
,Enxada Pontas Bico,,12.95,110012,General Tools,Tools for The Workshop and Garage\General Tools,Sim,
,Enxada Pontas Redondas,,12.95,110012,General Tools,Tools for The Workshop and Garage\General Tools,Sim,
,Enxada Pontas Faca,,12.95,110012,General Tools,Tools for The Workshop and Garage\General Tools,Sim,
,Enxada Pontas Meia Redonda,,18.85,110012,General Tools,Tools for The Workshop and Garage\General Tools,Sim,
,Enxada Pontas Vimeiro,,18.85,110012,General Tools,Tools for The Workshop and Garage\General Tools,Sim,
,Enxada 2 bicos,,11.9,110012,General Tools,Tools for The Workshop and Garage\General Tools,Sim,
,Enxada Tipo Ancinho,,17.3,110012,General Tools,Tools for The Workshop and Garage\General Tools,Sim,
,Enxadão Vinha,,8.1,110012,General Tools,Tools for The Workshop and Garage\General Tools,Sim,
,Enxada Mato Redonda,,14.3,110012,General Tools,Tools for The Workshop and Garage\General Tools,Sim,
,Enxada Barreiro,,15.6,110012,General Tools,Tools for The Workshop and Garage\General Tools,Sim,
,Enxada USA,,10.8,110012,General Tools,Tools for The Workshop and Garage\General Tools,Sim,
,Enxada castelo Branco,,12.8,110012,General Tools,Tools for The Workshop and Garage\General Tools,Sim,
,Enxada Meia Lua Triangular Turquel,,18.7,110012,General Tools,Tools for The Workshop and Garage\General Tools,Sim,
,Enxada Meia Lua Turquel,,9,110012,General Tools,Tools for The Workshop and Garage\General Tools,Sim,
,Enxada Meia Lua Alcobaça,,18.7,110012,General Tools,Tools for The Workshop and Garage\General Tools,Sim,
,Enxada Meia Lua Caldas,,18.7,110012,General Tools,Tools for The Workshop and Garage\General Tools,Sim,
,Enxada Meia Lua Leiria,,18.7,110012,General Tools,Tools for The Workshop and Garage\General Tools,Sim,
,Enxada Relvas,,14.8,110012,General Tools,Tools for The Workshop and Garage\General Tools,Sim,
,Enxada Leiria,,11.85,110012,General Tools,Tools for The Workshop and Garage\General Tools,Sim,
,Enxada Vimeiro,,13.75,110012,General Tools,Tools for The Workshop and Garage\General Tools,Sim,
,Enxada Nacional com Peta,,11.05,110012,General Tools,Tools for The Workshop and Garage\General Tools,Sim,
,Enxada Nacional,,8.75,110012,General Tools,Tools for The Workshop and Garage\General Tools,Sim,
,Medidas Aferidas INOX,,10.98,110012,General Tools,Tools for The Workshop and Garage\General Tools,Sim,
,Apanha Fruta,,3.78,110012,General Tools,Tools for The Workshop and Garage\General Tools,Sim,
,Pá do Lixo,,1.44,110012,General Tools,Tools for The Workshop and Garage\General Tools,Sim,
,Enxofradeira,,3.96,110012,General Tools,Tools for The Workshop and Garage\General Tools,Sim,
,Baldes Cónicos com Tampa,,15.29,110012,General Tools,Tools for The Workshop and Garage\General Tools,Sim,
,Baldes Cónicos,,9.76,110012,General Tools,Tools for The Workshop and Garage\General Tools,Sim,
,Cabaço,,9,110012,General Tools,Tools for The Workshop and Garage\General Tools,Sim,
,Ralos de Rega,,4.5,110012,General Tools,Tools for The Workshop and Garage\General Tools,Sim,
,Regador Zincado,,11.97,110012,General Tools,Tools for The Workshop and Garage\General Tools,Sim,
,Panelas,,22.99,110012,General Tools,Tools for The Workshop and Garage\General Tools,Sim,
,Lata para Brasas,,13.95,110012,General Tools,Tools for The Workshop and Garage\General Tools,Sim,
,Cafeteiras,,11.02,110012,General Tools,Tools for The Workshop and Garage\General Tools,Sim,
,Assador de Castanhas,,6.5,110012,General Tools,Tools for The Workshop and Garage\General Tools,Sim,
,Corredor Direito Inox,,20.8,110012,General Tools,Tools for The Workshop and Garage\General Tools,Sim,
,Corredor Direito,,13.39,110012,General Tools,Tools for The Workshop and Garage\General Tools,Sim,
,Corredor redondo,,9,110012,General Tools,Tools for The Workshop and Garage\General Tools,Sim,
,Comedouro para Coelhos,,12.37,110012,General Tools,Tools for The Workshop and Garage\General Tools,Sim,
,Comedouro para Galinhas Zincado,,10.99,110012,General Tools,Tools for The Workshop and Garage\General Tools,Sim,
,Comedouro para Galinhas Lacado,,0,110012,General Tools,Tools for The Workshop and Garage\General Tools,Sim,
,Mata frangos,,7.3,110012,General Tools,Tools for The Workshop and Garage\General Tools,Sim,
,Canudo para Toupeiras,,2.36,110012,General Tools,Tools for The Workshop and Garage\General Tools,Sim,
,Misturador SDS Tinta / Cola-  Robusto,,2.1,110012,General Tools,Tools for The Workshop and Garage\General Tools,Sim,
,Pulverizador elétrico bateria Litio com lança metálica telescópica,,41.99,110012,General Tools,Tools for The Workshop and Garage\General Tools,Sim,
,Máscaras cirurgicas cx 50pcs,,0.06,110012,General Tools,Tools for The Workshop and Garage\General Tools,Sim,
,Casaco Protecção Térmica - 5°c,,79,110012,General Tools,Tools for The Workshop and Garage\General Tools,Sim,
,Capacete Protecção- todas as cores,,2.49,110012,General Tools,Tools for The Workshop and Garage\General Tools,Sim,
,Pistola Mastik Prof. Reforçada,,7.25,110012,General Tools,Tools for The Workshop and Garage\General Tools,Sim,
,"Corta Rebites  - 8""",,3.32,110012,General Tools,Tools for The Workshop and Garage\General Tools,Sim,
,Capa de chuva em PU,,13.49,110012,General Tools,Tools for The Workshop and Garage\General Tools,Sim,
,Capa Chuva em Nylon - ECONOMIC,,4.99,110012,General Tools,Tools for The Workshop and Garage\General Tools,Sim,
,Viseira de proteção em rede com ajuste,,3.99,110012,General Tools,Tools for The Workshop and Garage\General Tools,Sim,
,Viseira de proteção acrílica com ajuste,,1.99,110012,General Tools,Tools for The Workshop and Garage\General Tools,Sim,
,Viseira de proteção acrílica,,0.29,110012,General Tools,Tools for The Workshop and Garage\General Tools,Sim,
,Máscara de soldador com visor,,3.5,110012,General Tools,Tools for The Workshop and Garage\General Tools,Sim,
,Colete de segurança de alta visibilidade verde,,1.29,110012,General Tools,Tools for The Workshop and Garage\General Tools,Sim,
,Colete de segurança de alta visibilidade laranja,,1.29,110012,General Tools,Tools for The Workshop and Garage\General Tools,Sim,
,Calças e jaqueta de trabalho azul marinho,,9.5,110012,General Tools,Tools for The Workshop and Garage\General Tools,Sim,
,Jardineira de trabalho azul marinho,,6.99,110012,General Tools,Tools for The Workshop and Garage\General Tools,Sim,
,Bata de trabalho azul marinho,,4.99,110012,General Tools,Tools for The Workshop and Garage\General Tools,Sim,
,Polainitos de soldador em pele,,3.99,110012,General Tools,Tools for The Workshop and Garage\General Tools,Sim,
,Manguitos de soldador em pele,,3.99,110012,General Tools,Tools for The Workshop and Garage\General Tools,Sim,
,Avental de soldador em pele,,4.99,110012,General Tools,Tools for The Workshop and Garage\General Tools,Sim,
,Casaco de soldador em pele,,16.5,110012,General Tools,Tools for The Workshop and Garage\General Tools,Sim,
,Sapato de segurança pele branca,,13.99,110012,General Tools,Tools for The Workshop and Garage\General Tools,Sim,
,Bota de segurança S3 preta KEVLAR & MICROFIBRA,,19.99,110012,General Tools,Tools for The Workshop and Garage\General Tools,Sim,
,Sapato Ténis  camurça em KEVLAR e composito S1P,,19.99,110012,General Tools,Tools for The Workshop and Garage\General Tools,Sim,
,Bota de segurança S3 com biqueira reforçada e palmilha em aço,,13.99,110012,General Tools,Tools for The Workshop and Garage\General Tools,Sim,
,Fita de sinalização amarela e preta 18mts x 50mm,,1.69,110012,General Tools,Tools for The Workshop and Garage\General Tools,Sim,
,Fita de sinalização branca e vermelha 200m x 50mm,,1.59,110012,General Tools,Tools for The Workshop and Garage\General Tools,Sim,
,Rede de proteção laranja 100g/M2 = 1Mx50mts,,13.99,110012,General Tools,Tools for The Workshop and Garage\General Tools,Sim,
,Corrente de plástico branco e vermelha,,19.5,110012,General Tools,Tools for The Workshop and Garage\General Tools,Sim,
,Filtro para máscara tipo COMACEC 2-BL,,0.95,110012,General Tools,Tools for The Workshop and Garage\General Tools,Sim,
,Auscultadores de proteção - Protectores,,1.99,110012,General Tools,Tools for The Workshop and Garage\General Tools,Sim,
,Óculos de proteção 100% transparentes,,0.55,110012,General Tools,Tools for The Workshop and Garage\General Tools,Sim,
,Óculos de proteção transparente,,0.85,110012,General Tools,Tools for The Workshop and Garage\General Tools,Sim,
,óculos de proteção transparente,,0.89,110012,General Tools,Tools for The Workshop and Garage\General Tools,Sim,
,Corta Rebites,,8.99,110012,General Tools,Tools for The Workshop and Garage\General Tools,Sim,
,Alicate bomba de água 250mm,,4.3,110012,General Tools,Tools for The Workshop and Garage\General Tools,Sim,
,Alicate descarnador profissional,,2.69,110012,General Tools,Tools for The Workshop and Garage\General Tools,Sim,
,Alicate telefonista pontas redondas profissional,,2.29,110012,General Tools,Tools for The Workshop and Garage\General Tools,Sim,
,Alicate telefonista pontas curvas profissional,,2.29,110012,General Tools,Tools for The Workshop and Garage\General Tools,Sim,
,Alicate telefonista pontas chatas profissional,,2.29,110012,General Tools,Tools for The Workshop and Garage\General Tools,Sim,
,Alicate telefonista profissional,,2.29,110012,General Tools,Tools for The Workshop and Garage\General Tools,Sim,
,Alicate universal profissional,,2.29,110012,General Tools,Tools for The Workshop and Garage\General Tools,Sim,
,Alicate de corte diagonal profissional,,2.29,110012,General Tools,Tools for The Workshop and Garage\General Tools,Sim,
,Chave de parafusos fenda CRV ponta magnética,,0,110012,General Tools,Tools for The Workshop and Garage\General Tools,Sim,
,Chave Pozidrive CRV ponta magnética,,0.58,110012,General Tools,Tools for The Workshop and Garage\General Tools,Sim,
,Chave crescente cromo vanadio com punho de borracha,,3.1,110012,General Tools,Tools for The Workshop and Garage\General Tools,Sim,
,Alicate porta eletrodos 500 AMP,,1.99,110012,General Tools,Tools for The Workshop and Garage\General Tools,Sim,
,Alicate de massa 500A  em aço cromado,,2.65,110012,General Tools,Tools for The Workshop and Garage\General Tools,Sim,
,Bits profissionais 37pcs com ponta magnética,,4.75,110012,General Tools,Tools for The Workshop and Garage\General Tools,Sim,
,Jogo de chaves 46 Pcs - CRV,,15.99,110012,General Tools,Tools for The Workshop and Garage\General Tools,Sim,
,Correia aperto com tensor para camião,,0,110012,General Tools,Tools for The Workshop and Garage\General Tools,Sim,
,Funil em plástico preto,,1.25,110012,General Tools,Tools for The Workshop and Garage\General Tools,Sim,
,Aparelho de arrasto 4 TON,,10.99,110012,General Tools,Tools for The Workshop and Garage\General Tools,Sim,
,Carro de ferramentas com 3 prateleiras,,49.99,110012,General Tools,Tools for The Workshop and Garage\General Tools,Sim,
,Macaco de garrafa profissional,,7.99,110012,General Tools,Tools for The Workshop and Garage\General Tools,Sim,
,Aparelho diferêncial  Garibaldo em aço tratado de alta resistência,,39.99,110012,General Tools,Tools for The Workshop and Garage\General Tools,Sim,
,"Pecliss aço - 150 x 0,2mm",,5.75,110012,General Tools,Tools for The Workshop and Garage\General Tools,Sim,
,"Serrote tubular 10-12"" para corte de metal",,1.99,110012,General Tools,Tools for The Workshop and Garage\General Tools,Sim,
,Brocas H.S.S. -Conj. 5pcs - DIN 338,,0,110012,General Tools,Tools for The Workshop and Garage\General Tools,Sim,
,Busca polos 19cms T/SDS  profissional transparente,,0.85,110012,General Tools,Tools for The Workshop and Garage\General Tools,Sim,
,Cola Termofusível 1kg,,3.99,110012,General Tools,Tools for The Workshop and Garage\General Tools,Sim,
,Ficha tripla em T com proteção,,1.49,110012,General Tools,Tools for The Workshop and Garage\General Tools,Sim,
,Ficha com interruptor simples,,1.39,110012,General Tools,Tools for The Workshop and Garage\General Tools,Sim,
,Ficha tripla Rectângular,,1.65,110012,General Tools,Tools for The Workshop and Garage\General Tools,Sim,
,Interruptor estanque para exterior,,1.59,110012,General Tools,Tools for The Workshop and Garage\General Tools,Sim,
,Ficha branca PLST tipo SHUKO,,0.55,110012,General Tools,Tools for The Workshop and Garage\General Tools,Sim,
,Ficha preta PLST tipo SHUKO,,0.55,110012,General Tools,Tools for The Workshop and Garage\General Tools,Sim,
,Luz LED de presença 1W com interruptor,,0.9,110012,General Tools,Tools for The Workshop and Garage\General Tools,Sim,
,Fio de nylon para aparador de relva - 15 metros,,1.01,110012,General Tools,Tools for The Workshop and Garage\General Tools,Sim,
,Tesourão de poda curvo telescópico extensível,,0,110012,General Tools,Tools for The Workshop and Garage\General Tools,Sim,
,Tesourão poda profissional extensível,,0,110012,General Tools,Tools for The Workshop and Garage\General Tools,Sim,
,"Tesoura de cortar sebes 23"" com lâmina ondulada 64 cm",,5.75,110012,General Tools,Tools for The Workshop and Garage\General Tools,Sim,
,Serrote  de poda no AR com lâmina,,6.99,110012,General Tools,Tools for The Workshop and Garage\General Tools,Sim,
,Serrote de poda pequeno dobrável,,2.4,110012,General Tools,Tools for The Workshop and Garage\General Tools,Sim,
,Tesoura poda tipo Nacional,,3.99,110012,General Tools,Tools for The Workshop and Garage\General Tools,Sim,
,Pulverizador com lança em fibra,,8.99,110012,General Tools,Tools for The Workshop and Garage\General Tools,Sim,
,Pulverizador,,0,110012,General Tools,Tools for The Workshop and Garage\General Tools,Sim,
,Bateria GEL 8AH para pulverizador elétrico 16L,,13.99,110012,General Tools,Tools for The Workshop and Garage\General Tools,Sim,
,Bomba elétrica para pulverizador de 16L,,6.5,110012,General Tools,Tools for The Workshop and Garage\General Tools,Sim,
,Bomba para pulverizador manual,,0.75,110012,General Tools,Tools for The Workshop and Garage\General Tools,Sim,
,Punho para pulverizador 12/ 16 Lts,,1.49,110012,General Tools,Tools for The Workshop and Garage\General Tools,Sim,
,Lança telescópica 12/16 Lts Metálica para pulverizador,,2.99,110012,General Tools,Tools for The Workshop and Garage\General Tools,Sim,
,Lança telescopica para pulverizador de 12L ou 16L,,0.75,110012,General Tools,Tools for The Workshop and Garage\General Tools,Sim,
,Pulverizador elétrico bateria  GEL com lança metálica telescópica,,27.5,110012,General Tools,Tools for The Workshop and Garage\General Tools,Sim,
,Pulverizador pressão com lança metálica telescópica,,13.99,110012,General Tools,Tools for The Workshop and Garage\General Tools,Sim,
,"Tomada rápida 3/4"" - 5/8""",,0.5,110012,General Tools,Tools for The Workshop and Garage\General Tools,Sim,
,"Adaptador de torneira 1""",,0.42,110012,General Tools,Tools for The Workshop and Garage\General Tools,Sim,
,"Adaptador de torneira 3/4""",,0.36,110012,General Tools,Tools for The Workshop and Garage\General Tools,Sim,
,Agulheta de plástico com regulador - encaixe rápido,,0.69,110012,General Tools,Tools for The Workshop and Garage\General Tools,Sim,
,Aspersor sectorial com regulação de direção  - 33 cm,,1.69,110012,General Tools,Tools for The Workshop and Garage\General Tools,Sim,
,"Aspersor rotativo resistente, espiga com 3 saídas",,0.99,110012,General Tools,Tools for The Workshop and Garage\General Tools,Sim,
,Agulheta tipo pistola de rega com bico em latão com regulador frontal,,4.25,110012,General Tools,Tools for The Workshop and Garage\General Tools,Sim,
,"Agulheta de rega, bico fino em plástico, encaixe rápido",,2.49,110012,General Tools,Tools for The Workshop and Garage\General Tools,Sim,
,Traçador de reta + pó de traçar azul,,0,110012,General Tools,Tools for The Workshop and Garage\General Tools,Sim,
,Serras craneanas Conjunto de 16 peças,,4.99,110012,General Tools,Tools for The Workshop and Garage\General Tools,Sim,
,Serras craneanas Conjunto de 11 peças,,2.99,110012,General Tools,Tools for The Workshop and Garage\General Tools,Sim,
,Serras craneanas Conjunto de 6 peças,,1.75,110012,General Tools,Tools for The Workshop and Garage\General Tools,Sim,
,Destorcedor móvel zincado niquelado,,27.5,110012,General Tools,Tools for The Workshop and Garage\General Tools,Sim,
,Manilha Galvanizada tipo europeu niquelado,,5.19,110012,General Tools,Tools for The Workshop and Garage\General Tools,Sim,
,Esticador galvanizado DIN 1480,,8.5,110012,General Tools,Tools for The Workshop and Garage\General Tools,Sim,
,Elo rápido galvanizado niquelado,,11,110012,General Tools,Tools for The Workshop and Garage\General Tools,Sim,
,Mosquetão Galvanizado niquelado,,8.99,110012,General Tools,Tools for The Workshop and Garage\General Tools,Sim,
,Mosquetão galvanizado com rosca,,12.5,110012,General Tools,Tools for The Workshop and Garage\General Tools,Sim,
,Gancho móvel redondo com mola niquelado,,24.25,110012,General Tools,Tools for The Workshop and Garage\General Tools,Sim,
,Gancho simples com elo móvel niquelado - Mosq T/ Francês,,4.3,110012,General Tools,Tools for The Workshop and Garage\General Tools,Sim,
,Bicha Aço com um fecho,,1.99,110012,General Tools,Tools for The Workshop and Garage\General Tools,Sim,
,Ponteiro profissional com proteção,,2.35,110012,General Tools,Tools for The Workshop and Garage\General Tools,Sim,
,Escopro profissional com proteção,,2.35,110012,General Tools,Tools for The Workshop and Garage\General Tools,Sim,
,Traçador de reta + Pó de Traçar + nivel,,2.1,110012,General Tools,Tools for The Workshop and Garage\General Tools,Sim,
,Corta vidros profissional  com depósito para petróleo,,1.99,110012,General Tools,Tools for The Workshop and Garage\General Tools,Sim,
,Misturador- tinta / cola - Hexagonal,,1.34,110012,General Tools,Tools for The Workshop and Garage\General Tools,Sim,
,Pistola mastik profissional de aço tipo italiano,,1.79,110012,General Tools,Tools for The Workshop and Garage\General Tools,Sim,
,Pistola mastik de alumínio tipo italiano,,3.99,110012,General Tools,Tools for The Workshop and Garage\General Tools,Sim,
,Pistola mastik profissional em tubo de alumínio,,4.5,110012,General Tools,Tools for The Workshop and Garage\General Tools,Sim,
,Pá metálica quadrada vermelha,,5.99,110012,General Tools,Tools for The Workshop and Garage\General Tools,Sim,
,Fita métrica em aço - caixa metálica,,5.5,110012,General Tools,Tools for The Workshop and Garage\General Tools,Sim,
,Fita métrica com travão,,0.99,110012,General Tools,Tools for The Workshop and Garage\General Tools,Sim,
,Corrente branca e vermelha 8mmx25mts,,19.5,110012,General Tools,Tools for The Workshop and Garage\General Tools,Sim,
,Corrente de aço galvanizado,,39.99,110012,General Tools,Tools for The Workshop and Garage\General Tools,Sim,
,Fita teflon,,0.19,110012,General Tools,Tools for The Workshop and Garage\General Tools,Sim,
,Bits ponta magnética,,4.75,110012,General Tools,Tools for The Workshop and Garage\General Tools,Sim,
,Buchas PP saco de 100pcs,,0.4,110012,General Tools,Tools for The Workshop and Garage\General Tools,Sim,
,Rodizio industrial fixo - roda cinza,,1.17,110012,General Tools,Tools for The Workshop and Garage\General Tools,Sim,
,Rodizio Giratório industrial com travão - roda cinza,,1.99,110012,General Tools,Tools for The Workshop and Garage\General Tools,Sim,
,Rodizio Giratório industrial com roda cinza,,0.87,110012,General Tools,Tools for The Workshop and Garage\General Tools,Sim,
,Pedra de afiar Gadanha,,0.51,110012,General Tools,Tools for The Workshop and Garage\General Tools,Sim,
,"Pedra de afiar óxido alumínio 2 faces 6"" ou 8""",,0.44,110012,General Tools,Tools for The Workshop and Garage\General Tools,Sim,
,Agrafador metálico 4-14mm ,,3.99,110012,General Tools,Tools for The Workshop and Garage\General Tools,Sim,
,Catrabucha de taça ondulada para rebarbadora,,1.79,110012,General Tools,Tools for The Workshop and Garage\General Tools,Sim,
,Catrabucha de taça entraçada para rebarbadora,,1.55,110012,General Tools,Tools for The Workshop and Garage\General Tools,Sim,
,Escova arame de aço Galv ou Latonado,,0.69,110012,General Tools,Tools for The Workshop and Garage\General Tools,Sim,
,Remendos e Cola para bicicleta,,0.69,110012,General Tools,Tools for The Workshop and Garage\General Tools,Sim,
,Fita de alumínio,,0.79,110012,General Tools,Tools for The Workshop and Garage\General Tools,Sim,
,Plástico com Fita 210x20mts,,2.69,110012,General Tools,Tools for The Workshop and Garage\General Tools,Sim,
,Abraçadeira Plst branco -saco100pcs,,0.99,110012,General Tools,Tools for The Workshop and Garage\General Tools,Sim,
,Abraçadeira Plst Preto - saco100pcs,,0.99,110012,General Tools,Tools for The Workshop and Garage\General Tools,Sim,
,Cadeado Latonado T/ Goldoor,,1.52,110012,General Tools,Tools for The Workshop and Garage\General Tools,Sim,
,Canhão de Segurança Cromado,,0,110012,General Tools,Tools for The Workshop and Garage\General Tools,Sim,
,Canhão de Segurança chave computador,,1.99,110012,General Tools,Tools for The Workshop and Garage\General Tools,Sim,
,Esticador Ramada,,0.37,110012,General Tools,Tools for The Workshop and Garage\General Tools,Sim,
,Esponja Polimento Preta 150MMx45MM-M14  -[AG00327],,2.49,110008,Polishing Materials,Abrasive Materials\Polishing Materials,Sim,
,Esponja Polimento Laranja 150MMx45MM-M14 -[AG00326] ,,2.49,110008,Polishing Materials,Abrasive Materials\Polishing Materials,Sim,
,Fato de chuva Reflector,,10.5,110003,Protective Clothing,Health and Safety Articles\Protective Clothing,Sim,
,Parka Impermiável Reflectora,,20.55,110003,Protective Clothing,Health and Safety Articles\Protective Clothing,Sim,
,Fato chuva em PU - profissional,,16.99,110003,Protective Clothing,Health and Safety Articles\Protective Clothing,Sim,
,Parka impermeável Reflector ,,16.45,110003,Protective Clothing,Health and Safety Articles\Protective Clothing,Sim,
,Blusão impermeável reflector,,29.5,110003,Protective Clothing,Health and Safety Articles\Protective Clothing,Sim,
,Colete Multibolsos reflector,,8,110003,Protective Clothing,Health and Safety Articles\Protective Clothing,Sim,
,Calça Multibolsos reflectora Azul ou Cinza,,11.5,110003,Protective Clothing,Health and Safety Articles\Protective Clothing,Sim,
,Fato chuva Nylon - Economic,,6.49,110003,Protective Clothing,Health and Safety Articles\Protective Clothing,Sim,
,Fato descartável Cat III tipo 5e6,,3.3,110003,Protective Clothing,Health and Safety Articles\Protective Clothing,Sim,
,Fato descartável Cat I ,,1.75,110003,Protective Clothing,Health and Safety Articles\Protective Clothing,Sim,
,Espatula em  ABS  - 250MM,,0.99,110006,Trowels and Spatulas,Construction and Renovation\Hand Tools\Trowels and Spatulas,Sim,
,Talocha para pavimentos INOX 500 MM -A5717,,9.85,110006,Trowels and Spatulas,Construction and Renovation\Hand Tools\Trowels and Spatulas,Sim,
,Talocha para estucador Inox 110x240MM,,10.99,110006,Trowels and Spatulas,Construction and Renovation\Hand Tools\Trowels and Spatulas,Sim,
,Espatula / Colher para Estucador Inox 100mm - A1704,,1.99,110006,Trowels and Spatulas,Construction and Renovation\Hand Tools\Trowels and Spatulas,Sim,
,Talocha ABS 140x280MM (3MM) P/ CAPOTO - A7901,,1.8,110006,Trowels and Spatulas,Construction and Renovation\Hand Tools\Trowels and Spatulas,Sim,
,Espatula em Inox para Fachada com cabo PVC,,1.25,110006,Trowels and Spatulas,Construction and Renovation\Hand Tools\Trowels and Spatulas,Sim,
,Espatula em ABS 250 MM,,0.99,110006,Trowels and Spatulas,Construction and Renovation\Hand Tools\Trowels and Spatulas,Sim,
,Talocha de Grosa Endurecida 120 x 375mm - A3701,,5.99,110006,Trowels and Spatulas,Construction and Renovation\Hand Tools\Trowels and Spatulas,Sim,
,Talocha de Grosa Metalica 120x270mm - A3672,,2.99,110006,Trowels and Spatulas,Construction and Renovation\Hand Tools\Trowels and Spatulas,Sim,
,Talocha para Lixa [ A0040],,1.59,110006,Trowels and Spatulas,Construction and Renovation\Hand Tools\Trowels and Spatulas,Sim,
,Espatula borracha 200mm,,1.09,110006,Trowels and Spatulas,Construction and Renovation\Hand Tools\Trowels and Spatulas,Sim,
,Talocha esponja Laranja 280x140x20mm,,3.99,110006,Trowels and Spatulas,Construction and Renovation\Hand Tools\Trowels and Spatulas,Sim,
,Talocha base borracha 240x100x20mm,,4.49,110006,Trowels and Spatulas,Construction and Renovation\Hand Tools\Trowels and Spatulas,Sim,
,Colher de Jardim,,5.7,110006,Trowels and Spatulas,Construction and Renovation\Hand Tools\Trowels and Spatulas,Sim,
,Pá (colher) Jardim,,4.73,110006,Trowels and Spatulas,Construction and Renovation\Hand Tools\Trowels and Spatulas,Sim,
,Talocha borracha preta,,1.75,110006,Trowels and Spatulas,Construction and Renovation\Hand Tools\Trowels and Spatulas,Sim,
,Colher de pedreiro - cabo de borracha,,1.76,110006,Trowels and Spatulas,Construction and Renovation\Hand Tools\Trowels and Spatulas,Sim,
,Colher de pedreiro cortada - cabo de borracha,,1.79,110006,Trowels and Spatulas,Construction and Renovation\Hand Tools\Trowels and Spatulas,Sim,
,Colher de pedreiro  - cabo de madeira,,1.49,110006,Trowels and Spatulas,Construction and Renovation\Hand Tools\Trowels and Spatulas,Sim,
,Colher de pedreiro cortada  - cabo de madeira,,1.49,110006,Trowels and Spatulas,Construction and Renovation\Hand Tools\Trowels and Spatulas,Sim,
,Talocha 120x500 prof. de inox dentada 10x10 T/Inox - cabo de madeira,,4.99,110006,Trowels and Spatulas,Construction and Renovation\Hand Tools\Trowels and Spatulas,Sim,
,Talocha 120x500 prof. de inox lisa T/Inox - cabo de madeira,,5.89,110006,Trowels and Spatulas,Construction and Renovation\Hand Tools\Trowels and Spatulas,Sim,
,Talocha 120x300 prof de aço lisa T/Inox- cabo de borracha,,3.79,110006,Trowels and Spatulas,Construction and Renovation\Hand Tools\Trowels and Spatulas,Sim,
,Talocha 125x300 prof. de aço dentada 8x8 - T/Inox - cabo de borracha,,3.3,110006,Trowels and Spatulas,Construction and Renovation\Hand Tools\Trowels and Spatulas,Sim,
,Espatula Polida em Inox com cabo de borracha ,,0.75,110006,Trowels and Spatulas,Construction and Renovation\Hand Tools\Trowels and Spatulas,Sim,
,Luva Nitrile Preta com nylon +grossa prof,,0.49,110002,Work Gloves,Health and Safety Articles\Work Gloves,Sim,
,"Luva Nitrile azul 3/4"" grossa com Punho malha 10"" - 880127",,0.99,110002,Work Gloves,Health and Safety Articles\Work Gloves,Sim,
,Luva menage Amarela,,0.69,110002,Work Gloves,Health and Safety Articles\Work Gloves,Sim,
,Luva ANTI CORTE CINZA ,,1.79,110002,Work Gloves,Health and Safety Articles\Work Gloves,Sim,
,Luva em Espuma Nitrilo Preto - Respirável PROF.,,1.1,110002,Work Gloves,Health and Safety Articles\Work Gloves,Sim,
,Luva nylon e Latex - Estanque TOP,,1.49,110002,Work Gloves,Health and Safety Articles\Work Gloves,Sim,
,Luva gasolineira 27cms Nitrile Azul,,1.2,110002,Work Gloves,Health and Safety Articles\Work Gloves,Sim,
,Luva crute e pano com palma reforçada,,1.79,110002,Work Gloves,Health and Safety Articles\Work Gloves,Sim,
,Luva industrial preta,,0.69,110002,Work Gloves,Health and Safety Articles\Work Gloves,Sim,
,"Luva nitrile com nylon, palma e dedos cinzentos",,0.38,110002,Work Gloves,Health and Safety Articles\Work Gloves,Sim,
,Luva nylon com latex na palma dedos,,0.55,110002,Work Gloves,Health and Safety Articles\Work Gloves,Sim,
,Luva  pele genuína branca com dorso em algodão,,1.95,110002,Work Gloves,Health and Safety Articles\Work Gloves,Sim,
,Luva pele genuína branca tipo chefe,,1.39,110002,Work Gloves,Health and Safety Articles\Work Gloves,Sim,
,Luva chefe pele genuína amarela,,1.55,110002,Work Gloves,Health and Safety Articles\Work Gloves,Sim,
,Luva chefe crute cinza,,1.09,110002,Work Gloves,Health and Safety Articles\Work Gloves,Sim,
,Luva mista de crute e pele branca,,1.29,110002,Work Gloves,Health and Safety Articles\Work Gloves,Sim,
,Luva para soldador crute vermelha,,2.49,110002,Work Gloves,Health and Safety Articles\Work Gloves,Sim,
,Luva de soldador pele + crute 35 cm,,1.85,110002,Work Gloves,Health and Safety Articles\Work Gloves,Sim,
,Luva para soldador crute cinza canhão,,1.65,110002,Work Gloves,Health and Safety Articles\Work Gloves,Sim,
